InvoiceNo,CustomerID,Country,TrueReturn,PredictedReturn,ProbReturn
573511,12347.0,Iceland,0,0,0.00030136935
581180,12347.0,Iceland,0,0,0.010745746
577609,12349.0,Italy,0,0,0.00026510615
574275,12352.0,Norway,0,0,0.0007225523
576895,12356.0,Portugal,0,1,0.73295444
574740,12357.0,Switzerland,0,0,0.000514415
581232,12358.0,Austria,0,0,0.0013399151
571034,12359.0,Cyprus,0,0,0.00026815105
C580165,12359.0,Cyprus,1,0,0.10607666
571705,12360.0,Austria,0,0,0.00018115828
570667,12362.0,Belgium,0,0,0.0016461209
572887,12362.0,Belgium,0,0,0.002395976
573173,12362.0,Belgium,0,0,0.00047518482
574329,12362.0,Belgium,0,0,0.0028469895
C579178,12362.0,Belgium,1,1,0.65836656
580979,12362.0,Belgium,0,0,0.001989686
573401,12364.0,Belgium,0,0,0.0008870942
580152,12364.0,Belgium,0,0,0.0004017452
580716,12367.0,Denmark,0,0,0.004591479
571905,12370.0,Cyprus,0,0,0.00011491267
570521,12371.0,Switzerland,0,0,0.0005087415
572770,12371.0,Switzerland,0,0,0.05408802
576345,12374.0,Austria,0,0,0.0022598752
579281,12375.0,Finland,0,0,0.00062487245
C581071,12375.0,Finland,1,1,0.9911622
571187,12380.0,Belgium,0,0,0.00044793263
C572532,12380.0,Belgium,1,1,0.99549884
577180,12380.0,Belgium,0,0,0.0086068325
570681,12381.0,Norway,0,1,0.90493596
570725,12381.0,Norway,0,1,0.7199101
574694,12381.0,Norway,0,0,0.0005087662
580638,12381.0,Norway,0,0,0.0013809043
575734,12384.0,Switzerland,0,0,0.000499091
578459,12388.0,Australia,0,0,0.002358018
577228,12391.0,Cyprus,0,0,0.00010273644
569997,12394.0,Denmark,0,0,0.002549149
569496,12395.0,Belgium,0,0,0.0012445463
575151,12395.0,Belgium,0,0,0.012029183
575154,12395.0,Belgium,0,0,0.0031484745
577551,12395.0,Belgium,0,0,0.0008109269
C578432,12395.0,Belgium,1,1,0.98481053
574336,12397.0,Belgium,0,0,0.0009572744
572567,12398.0,Switzerland,0,0,0.00018744018
572184,12403.0,Denmark,0,0,0.0017046089
C572187,12403.0,Denmark,1,1,0.6547618
577126,12406.0,Denmark,0,0,0.00031904416
572133,12407.0,Belgium,0,0,0.00025223338
574862,12408.0,Belgium,0,0,0.0004325684
C574865,12408.0,Belgium,1,1,0.5882118
569402,12413.0,France,0,0,0.000662622
569647,12415.0,Australia,0,0,0.06255557
569650,12415.0,Australia,0,0,0.009890221
574014,12415.0,Australia,0,0,0.08876888
C574019,12415.0,Australia,1,0,0.33461654
574138,12415.0,Australia,0,0,0.019785257
C574344,12415.0,Australia,1,0,0.4639345
576394,12415.0,Australia,0,0,0.0035939235
576586,12415.0,Australia,0,0,0.105452746
573656,12417.0,Belgium,0,0,0.0028821907
C575669,12417.0,Belgium,1,1,0.93594015
580965,12417.0,Belgium,0,0,0.0018166864
570000,12420.0,Cyprus,0,0,0.0005635443
578339,12421.0,Spain,0,0,0.00045284888
581493,12423.0,Belgium,0,0,0.0009152954
570452,12427.0,Germany,0,0,0.00074627815
577135,12427.0,Germany,0,0,0.0017515069
C579090,12427.0,Germany,1,0,0.30477062
576082,12428.0,Finland,0,0,0.00017355704
579881,12429.0,Denmark,0,0,0.0018207749
573108,12430.0,Norway,0,0,0.0013681588
569722,12431.0,Australia,0,0,0.00048036018
569723,12431.0,Australia,0,0,0.0339465
570446,12431.0,Belgium,0,0,0.004536827
574469,12431.0,Australia,0,0,0.20604365
573195,12432.0,Norway,0,0,0.00027346134
573200,12432.0,Norway,0,0,0.22953397
573035,12433.0,Norway,0,0,0.00020300304
579692,12433.0,Norway,0,0,0.00015901042
581476,12433.0,Norway,0,0,0.0004625335
581491,12433.0,Norway,0,0,0.08252406
573036,12437.0,France,0,0,0.0007700502
574093,12437.0,France,0,0,0.0018967116
574252,12437.0,France,0,0,0.003992656
577344,12437.0,France,0,0,0.0026280158
579870,12437.0,France,0,0,0.009321684
581279,12437.0,France,0,0,0.047573622
578811,12438.0,Norway,0,0,0.00016932016
580955,12442.0,Spain,0,0,0.0012233573
570793,12444.0,Norway,0,0,0.00061528716
577314,12444.0,Norway,0,0,0.001976646
577125,12445.0,Spain,0,0,0.0033886738
571035,12446.0,RSA,0,0,0.0005654832
572886,12448.0,Spain,0,0,0.000792728
577046,12449.0,Belgium,0,0,0.00047074092
569653,12451.0,Switzerland,0,0,0.00017166318
577157,12451.0,Switzerland,0,0,0.0011307423
579259,12451.0,Switzerland,0,0,0.006968743
578099,12452.0,Switzerland,0,0,0.0005735759
C578122,12452.0,Switzerland,1,1,0.91947615
578123,12452.0,Switzerland,0,1,0.61156136
571255,12454.0,Spain,0,0,0.003316764
C571499,12454.0,Spain,1,0,0.003311283
572896,12456.0,Switzerland,0,0,0.0010122682
569489,12457.0,Cyprus,0,0,0.43306735
C569490,12457.0,Cyprus,1,0,0.24552523
C570835,12457.0,Switzerland,1,1,0.9864239
577606,12462.0,Spain,0,0,0.0006065863
C581148,12462.0,Spain,1,1,0.85769045
571445,12463.0,Belgium,0,0,0.00025556135
C572479,12463.0,Belgium,1,1,0.95716083
577087,12464.0,Belgium,0,0,0.018949648
579441,12464.0,Belgium,0,0,0.018149253
578084,12465.0,Belgium,0,0,0.0020627081
C580168,12465.0,Belgium,1,1,0.9677023
569639,12471.0,Germany,0,0,0.3662575
569640,12471.0,Germany,0,0,0.0060038716
C570727,12471.0,Germany,1,1,0.9945945
C573037,12471.0,Germany,1,0,0.32388088
574097,12471.0,Germany,0,0,0.0007097655
C575150,12471.0,Germany,1,1,0.8878164
576909,12471.0,Germany,0,0,0.002502174
C578062,12471.0,Germany,1,1,0.9699304
578333,12471.0,Germany,0,0,0.006317902
578469,12471.0,Germany,0,0,0.002851223
579416,12471.0,Germany,0,0,0.0022897208
579419,12471.0,Germany,0,0,0.053526822
581179,12471.0,Germany,0,0,0.0011143172
571824,12472.0,Germany,0,0,0.00017091613
574885,12472.0,Germany,0,0,0.0026345816
C575064,12472.0,Germany,1,1,0.61963105
C575223,12472.0,Germany,1,1,0.8597155
571328,12473.0,Germany,0,0,0.00036939853
575632,12473.0,Germany,0,0,0.23142418
C575635,12473.0,Germany,1,1,0.5872236
575636,12473.0,Germany,0,1,0.64852643
C575638,12473.0,Germany,1,1,0.64852643
570640,12474.0,Germany,0,0,0.0007761839
571312,12474.0,Germany,0,0,0.0023519392
572061,12474.0,Germany,0,0,0.0012161452
C572488,12474.0,Germany,1,1,0.95171505
C574061,12474.0,Germany,1,1,0.81141585
576607,12474.0,Germany,0,0,0.00024472232
C576974,12474.0,Germany,1,1,0.99075305
578043,12474.0,Germany,0,0,0.005462382
571308,12475.0,Germany,0,0,0.00043501848
572559,12476.0,Germany,0,0,0.0014320762
572560,12476.0,Germany,0,0,0.0013371928
C576183,12476.0,Germany,1,1,0.82876545
576327,12476.0,Germany,0,0,0.0066424776
578472,12476.0,Germany,0,0,0.0009075215
C581409,12476.0,Germany,1,0,0.1446403
570002,12477.0,Germany,0,0,0.0029916866
571227,12477.0,Germany,0,0,0.005447967
576910,12477.0,Germany,0,0,0.001023918
580752,12478.0,Greece,0,0,0.00076856825
579152,12479.0,Germany,0,0,0.0003352993
C580714,12479.0,Germany,1,1,0.9938838
C580740,12479.0,Germany,1,0,0.41226384
575896,12480.0,Germany,0,0,0.0019110461
569563,12481.0,Germany,0,0,0.00038225803
576893,12481.0,Germany,0,0,0.0014629972
573333,12483.0,Sweden,0,0,0.0003139602
C575081,12483.0,Sweden,1,1,0.9750661
578089,12483.0,Sweden,0,0,0.0046094256
C578090,12483.0,Sweden,1,1,0.5357361
C569370,12484.0,Spain,1,1,0.9427918
574550,12484.0,Spain,0,0,0.00044008595
574838,12484.0,Spain,0,0,0.19885074
573442,12488.0,France,0,0,0.021153668
579529,12488.0,France,0,0,0.00066997245
574068,12490.0,France,0,0,0.0008817771
576222,12490.0,France,0,0,0.0006494039
577856,12490.0,France,0,0,0.0046097278
580536,12490.0,France,0,0,0.00042616867
573868,12491.0,France,0,0,0.00046670926
570189,12492.0,Germany,0,0,0.00046066032
573402,12494.0,France,0,0,0.0005620088
578348,12494.0,France,0,0,0.0070437198
C579532,12494.0,France,1,0,0.49791837
570881,12498.0,Germany,0,0,0.0012590087
577299,12498.0,Germany,0,0,0.0015577022
577301,12498.0,Germany,0,1,0.57242525
569727,12500.0,Germany,0,0,0.0010642385
C569733,12500.0,Germany,1,1,0.74476534
571729,12500.0,Germany,0,0,0.0010182351
571739,12500.0,Germany,0,1,0.91946214
572134,12500.0,Germany,0,0,0.017256593
C574347,12500.0,Germany,1,1,0.9861486
576869,12500.0,Germany,0,0,0.002368685
575352,12504.0,Germany,0,0,0.00042826027
C577397,12504.0,Germany,1,1,0.9632731
C577775,12504.0,Germany,1,0,0.47257075
577776,12504.0,Germany,0,1,0.80251414
575692,12508.0,France,0,0,0.0010169138
576064,12508.0,France,0,0,0.01626885
569527,12512.0,Israel,0,0,0.003515515
569529,12512.0,Israel,0,0,0.37865096
C575839,12517.0,Germany,1,1,0.65196145
575886,12517.0,Germany,0,0,0.0047560055
575888,12517.0,Germany,0,0,0.4655568
570718,12518.0,Germany,0,0,0.0014619421
575787,12518.0,Germany,0,0,0.0008103317
581494,12518.0,Germany,0,0,0.0015122636
570007,12519.0,Germany,0,0,0.000393467
571904,12522.0,Germany,0,0,0.0024214173
573629,12522.0,Germany,0,0,0.014180724
569921,12523.0,France,0,0,0.15433066
572925,12523.0,France,0,0,0.007237713
C573869,12523.0,France,1,1,0.9123684
577512,12523.0,France,0,0,0.00545539
C581316,12523.0,France,1,1,0.99115586
570082,12524.0,Germany,0,0,0.00034074168
579786,12524.0,Germany,0,0,0.00016382671
571304,12526.0,Germany,0,0,0.00058503984
581574,12526.0,Germany,0,0,0.0010754998
570095,12528.0,Germany,0,0,0.0026486183
579747,12528.0,Germany,0,0,0.0002549498
570637,12530.0,Germany,0,0,0.0010201494
578705,12531.0,Germany,0,0,0.0076301917
575326,12532.0,France,0,0,0.001188973
570672,12536.0,France,0,0,0.00021510852
573077,12536.0,France,0,0,0.27033406
C573079,12536.0,France,1,1,0.54112357
573080,12536.0,France,0,1,0.8696063
C580263,12536.0,France,1,0,0.0031986511
575707,12538.0,Spain,0,0,0.0050731106
577039,12539.0,Spain,0,0,0.00038913803
569998,12540.0,Spain,0,0,0.0012415089
571665,12540.0,Spain,0,0,0.0009844139
575144,12540.0,Spain,0,0,0.0011096987
577476,12540.0,Spain,0,0,0.00034036252
575514,12541.0,Spain,0,0,0.00023596207
574301,12544.0,Spain,0,0,0.0020791227
C575531,12544.0,Spain,1,1,0.91028714
C569422,12546.0,Spain,1,1,0.87496394
572442,12546.0,Spain,0,0,0.0009320736
573508,12552.0,Italy,0,0,0.00911346
573768,12552.0,Italy,0,0,0.35452896
570841,12553.0,France,0,0,0.0013509181
576245,12553.0,France,0,0,0.0013742907
C579562,12553.0,France,1,1,0.9874213
580120,12553.0,France,0,0,0.009245261
572065,12556.0,Spain,0,0,0.0008593111
578321,12557.0,Spain,0,0,0.018291954
580158,12558.0,USA,0,0,0.012530181
C581229,12558.0,USA,1,0,0.05351942
580511,12560.0,Germany,0,0,0.00036578104
571240,12562.0,France,0,0,0.00055590604
576941,12562.0,France,0,0,0.0017855333
580126,12562.0,France,0,0,0.0107531445
576927,12567.0,France,0,0,0.00028585867
569867,12569.0,Germany,0,0,0.00094003393
569907,12569.0,Germany,0,0,0.07215389
570784,12569.0,Germany,0,0,0.034257896
572060,12569.0,Germany,0,0,0.017716737
572894,12569.0,Germany,0,1,0.8585105
572895,12569.0,Germany,0,0,0.022134902
574255,12569.0,Germany,0,0,0.019492103
576390,12569.0,Germany,0,0,0.0024859407
576789,12569.0,Germany,0,0,0.021077514
576790,12569.0,Germany,0,0,0.16574994
C576816,12569.0,Germany,1,1,0.8924712
578295,12569.0,Germany,0,0,0.008781565
579901,12569.0,Germany,0,0,0.007899115
580154,12569.0,Germany,0,1,0.5786005
580531,12569.0,Germany,0,0,0.007247779
580548,12569.0,Germany,0,0,0.34567884
581183,12569.0,Germany,0,0,0.0073144333
581184,12569.0,Germany,0,0,0.0131350225
573428,12571.0,France,0,0,0.0034155436
571724,12572.0,Germany,0,0,0.00095503055
C572275,12572.0,Germany,1,1,0.99194396
579927,12572.0,Germany,0,0,0.0012547714
574343,12576.0,Poland,0,0,0.00056972244
574501,12577.0,France,0,0,0.00016103889
574506,12577.0,France,0,0,0.19575386
C574512,12577.0,France,1,0,0.42133406
577316,12578.0,Italy,0,0,0.001070875
573417,12581.0,Germany,0,0,0.0035223402
570851,12583.0,France,0,0,0.0009888319
C571127,12583.0,France,1,1,0.81271017
575067,12583.0,France,0,0,0.0011495021
577687,12583.0,France,0,0,0.0010358755
581001,12583.0,France,0,0,0.003677307
C569949,12584.0,Italy,1,1,0.7262132
570919,12584.0,Italy,0,0,0.014112632
C572761,12584.0,Italy,1,1,0.9341899
573365,12584.0,Italy,0,0,0.0042047147
C576216,12584.0,Italy,1,0,0.29851082
577809,12584.0,Italy,0,0,0.0032002921
C579785,12584.0,Italy,1,0,0.42275214
C579864,12584.0,Italy,1,0,0.15264158
580746,12584.0,Italy,0,0,0.011355353
578078,12586.0,Italy,0,0,0.0062436997
580265,12587.0,Finland,0,0,0.009056154
573588,12588.0,Finland,0,0,0.003692648
575747,12589.0,France,0,0,0.00012169532
572457,12594.0,Italy,0,0,0.00068132987
574022,12594.0,Italy,0,0,0.30866456
571851,12596.0,Spain,0,0,0.0002988492
573362,12597.0,Spain,0,0,0.00012465408
C574894,12597.0,Spain,1,0,0.06837302
577523,12597.0,Spain,0,0,0.0009945328
575845,12598.0,France,0,0,0.000530957
577502,12598.0,France,0,0,0.0015907624
579634,12598.0,France,0,0,0.033295583
575629,12599.0,France,0,0,0.000845471
575750,12600.0,Germany,0,0,0.0007810754
570724,12602.0,France,0,0,0.0042046746
577168,12603.0,Germany,0,0,0.0042211805
570467,12607.0,USA,0,0,0.0007185144
C570867,12607.0,USA,1,0,0.0010306215
572695,12610.0,Italy,0,0,0.0012641624
572934,12610.0,Italy,0,0,0.30184758
C576199,12610.0,Italy,1,1,0.93426836
576907,12610.0,Italy,0,0,0.010259955
571670,12611.0,Italy,0,0,0.0002676573
C571009,12612.0,Germany,1,1,0.6781035
571065,12613.0,Germany,0,0,0.00021050095
C575082,12613.0,Germany,1,0,0.2011839
574104,12615.0,France,0,0,0.001417082
581171,12615.0,France,0,0,0.0008514856
575661,12617.0,France,0,0,0.00061931607
577178,12618.0,Italy,0,0,0.001646861
574653,12619.0,Germany,0,0,0.0004708493
C575592,12619.0,Germany,1,1,0.68756926
578298,12619.0,Germany,0,0,0.0005012261
578698,12620.0,France,0,0,0.0005621401
571658,12621.0,Germany,0,0,0.0024331363
576629,12621.0,Germany,0,0,0.00092001504
581266,12621.0,Germany,0,0,0.004164567
569844,12626.0,Germany,0,0,0.00080168626
573106,12626.0,Germany,0,0,0.008713381
576863,12626.0,Germany,0,0,0.010493799
569893,12627.0,Germany,0,0,0.002118001
579393,12627.0,Germany,0,0,0.001229926
569721,12628.0,Germany,0,0,0.0006034462
574713,12628.0,Germany,0,0,0.0018286688
C577693,12628.0,Germany,1,1,0.98162776
580648,12628.0,Germany,0,0,0.0040290016
572964,12630.0,Finland,0,0,0.00054995023
579550,12630.0,Finland,0,0,0.00077306957
571053,12631.0,Finland,0,0,0.00057559484
570754,12633.0,Germany,0,0,0.004539944
569332,12637.0,France,0,0,0.000399599
574690,12638.0,Sweden,0,0,7.775365e-05
576373,12640.0,France,0,0,0.0012737542
576669,12640.0,France,0,0,0.055944026
572054,12642.0,Germany,0,0,0.00046218463
576322,12642.0,Germany,0,0,0.0016125744
574679,12645.0,Germany,0,0,0.0010302715
572215,12646.0,USA,0,0,0.00015241536
580553,12646.0,USA,0,0,0.0014158504
577027,12647.0,Germany,0,0,0.00049375935
580986,12650.0,France,0,0,0.0021938088
574071,12654.0,Germany,0,0,0.00045772872
579276,12654.0,Germany,0,0,0.0057109627
C574946,12656.0,France,1,1,0.9701047
578033,12656.0,France,0,0,0.00061990245
573316,12657.0,France,0,1,0.6290697
579190,12657.0,France,0,0,0.0010716195
C579192,12657.0,France,1,0,0.003189369
579193,12657.0,France,0,0,0.003189369
577615,12658.0,Germany,0,0,0.0005624434
575581,12659.0,France,0,0,0.004078828
579153,12660.0,France,0,0,0.0029187056
571556,12662.0,Germany,0,0,0.0012769859
576890,12662.0,Germany,0,0,0.007309373
576891,12662.0,Germany,0,0,0.103376046
581570,12662.0,Germany,0,0,0.0021956707
569522,12664.0,Finland,0,0,0.0031119804
570769,12664.0,Finland,0,0,0.009803141
C570775,12664.0,Finland,1,1,0.7176589
574332,12664.0,Finland,0,0,0.0016898811
578300,12664.0,Finland,0,0,0.0035712572
580123,12664.0,Finland,0,0,0.023712404
570875,12667.0,Finland,0,0,0.0005487305
579094,12668.0,Germany,0,0,0.00075918465
C580313,12668.0,Germany,1,1,0.9773014
575671,12670.0,France,0,0,0.0022049106
C576908,12670.0,France,1,1,0.9935782
579492,12670.0,France,0,0,0.0015233794
580512,12673.0,Germany,0,0,0.00023832118
573867,12674.0,France,0,0,0.00077111024
C574095,12674.0,France,1,1,0.95482236
C579127,12674.0,France,1,1,0.9877511
576519,12676.0,Sweden,0,0,0.0009327569
573153,12678.0,France,0,0,0.00047432023
573273,12678.0,France,0,0,0.38867918
C569981,12679.0,France,1,1,0.9781397
570798,12679.0,France,0,0,0.012169781
C571473,12679.0,France,1,1,0.9941492
C571678,12679.0,France,1,1,0.7806263
C571680,12679.0,France,1,1,0.7806263
581587,12680.0,France,0,0,0.0060230107
572986,12681.0,France,0,0,0.0020748905
572992,12681.0,France,0,0,0.017000755
575193,12681.0,France,0,0,0.0008471439
576894,12681.0,France,0,0,0.0039148983
577121,12681.0,France,0,0,0.01104909
578736,12681.0,France,0,0,0.0021994475
C578743,12681.0,France,1,1,0.53647614
570267,12682.0,France,0,0,0.007263428
570409,12682.0,France,0,0,0.028991925
573891,12682.0,France,0,0,0.0010160151
575519,12682.0,France,0,0,0.0029393616
575584,12682.0,France,0,0,0.006516946
577295,12682.0,France,0,0,0.0018246667
578835,12682.0,France,0,0,0.005202656
579708,12682.0,France,0,0,0.002509208
580753,12682.0,France,0,0,0.0008051294
572087,12683.0,France,0,0,0.0013230193
C574261,12683.0,France,1,1,0.70725244
580705,12683.0,France,0,0,0.0025299161
580706,12683.0,France,0,0,0.22393292
570020,12684.0,France,0,0,0.0012507198
576399,12684.0,France,0,0,0.0006757459
580144,12684.0,France,0,0,0.0010595481
570879,12685.0,France,0,0,0.0014103982
571923,12685.0,France,0,0,0.011663466
575884,12685.0,France,0,0,0.00049606926
576087,12689.0,France,0,0,0.00072708284
570823,12691.0,France,0,0,0.0002364102
575916,12691.0,France,0,0,0.004321205
569531,12695.0,France,0,0,0.017953763
580285,12695.0,France,0,0,0.048529867
575736,12697.0,Sweden,0,0,0.00092758116
C577363,12697.0,Sweden,1,1,0.9287456
569568,12700.0,France,0,0,0.00017756931
580160,12700.0,France,0,0,0.00066294154
C580161,12700.0,France,1,0,0.3008942
577406,12702.0,Germany,0,0,0.0010445188
C569973,12703.0,Germany,1,1,0.99246186
574442,12704.0,Finland,0,0,0.00089558144
C574447,12704.0,Finland,1,1,0.54615265
577067,12704.0,Finland,0,0,0.0013327561
577069,12704.0,Finland,0,0,0.0984768
C577070,12704.0,Finland,1,1,0.6643399
580281,12704.0,Finland,0,0,0.0041882
C569485,12705.0,Germany,1,1,0.99600345
573289,12705.0,Germany,0,0,0.0006450785
578024,12705.0,Germany,0,0,0.003878897
578425,12705.0,Germany,0,0,0.30485752
578509,12705.0,Germany,0,0,0.022036405
C570283,12708.0,Germany,1,1,0.9918029
574869,12708.0,Germany,0,0,0.0019236588
575498,12708.0,Germany,0,0,0.4357089
570792,12709.0,Germany,0,0,0.0044880053
C571066,12709.0,Germany,1,1,0.9779028
573136,12709.0,Germany,0,0,0.0070114834
C573187,12709.0,Germany,1,1,0.8310452
578626,12709.0,Germany,0,0,0.007826986
C580989,12709.0,Germany,1,1,0.9894783
572241,12712.0,Germany,0,0,0.00035389917
575732,12712.0,Germany,0,0,0.0018823659
C576903,12712.0,Germany,1,1,0.89576584
581578,12713.0,Germany,0,0,0.00026230782
579792,12714.0,France,0,0,0.00025717067
580736,12716.0,France,0,0,0.0002979238
569686,12719.0,France,0,0,0.0015554456
C570515,12719.0,France,1,1,0.9365517
580509,12719.0,France,0,0,0.00031134102
569562,12720.0,Germany,0,0,0.0007913283
571565,12720.0,Germany,0,0,0.076591365
C571928,12720.0,Germany,1,1,0.8141356
573424,12720.0,Germany,0,0,0.10327978
576657,12720.0,Germany,0,0,0.00095984753
578547,12720.0,Germany,0,0,0.0024486482
578550,12720.0,Germany,0,0,0.023757998
581000,12720.0,Germany,0,0,0.0009455258
575049,12721.0,France,0,0,0.00086312415
569699,12723.0,France,0,0,0.0010342721
569701,12723.0,France,0,1,0.5380092
578277,12723.0,France,0,0,0.0011679489
578287,12723.0,France,0,1,0.7502632
580756,12723.0,France,0,0,0.08695455
580534,12724.0,France,0,0,0.00025596004
575880,12726.0,France,0,0,0.001053624
579345,12727.0,France,0,0,0.0011594893
C570291,12731.0,France,1,1,0.95342827
571864,12731.0,France,0,0,0.0018369396
576672,12731.0,France,0,0,0.0009203939
570030,12740.0,France,0,0,0.00032495096
571239,12744.0,Singapore,0,0,0.0014311533
C571750,12744.0,Singapore,1,1,0.844552
571751,12744.0,Singapore,0,1,0.8768674
569397,12747.0,United Kingdom,0,0,0.0005681046
577104,12747.0,United Kingdom,0,0,0.0012944242
581163,12747.0,United Kingdom,0,0,0.008071267
569635,12748.0,United Kingdom,0,0,0.0010432786
569837,12748.0,United Kingdom,0,1,0.66359216
569865,12748.0,United Kingdom,0,0,0.10706943
569906,12748.0,United Kingdom,0,0,0.026970308
570119,12748.0,United Kingdom,0,0,0.42654848
570214,12748.0,United Kingdom,0,0,0.0005174705
570445,12748.0,United Kingdom,0,0,0.41018996
571779,12748.0,United Kingdom,0,0,0.0006196021
572293,12748.0,United Kingdom,0,1,0.88264835
572308,12748.0,United Kingdom,0,0,0.012348289
572310,12748.0,United Kingdom,0,0,0.07799985
572663,12748.0,United Kingdom,0,0,0.06432446
572833,12748.0,United Kingdom,0,0,0.2508397
572834,12748.0,United Kingdom,0,0,0.135134
572881,12748.0,United Kingdom,0,0,0.055080984
572889,12748.0,United Kingdom,0,0,0.008171052
C573268,12748.0,United Kingdom,1,1,0.7808458
573890,12748.0,United Kingdom,0,1,0.7591265
574025,12748.0,United Kingdom,0,0,0.0056085363
574470,12748.0,United Kingdom,0,0,0.011320941
574531,12748.0,United Kingdom,0,0,0.021035764
574738,12748.0,United Kingdom,0,0,0.003878949
574840,12748.0,United Kingdom,0,0,0.018255167
574866,12748.0,United Kingdom,0,0,0.0030775242
575117,12748.0,United Kingdom,0,0,0.00073887483
575652,12748.0,United Kingdom,0,0,0.041312695
575694,12748.0,United Kingdom,0,0,0.0006225888
575837,12748.0,United Kingdom,0,0,0.001102919
575894,12748.0,United Kingdom,0,0,0.077016845
576389,12748.0,United Kingdom,0,1,0.8303493
576623,12748.0,United Kingdom,0,0,0.0849096
C576831,12748.0,United Kingdom,1,0,0.013720854
576857,12748.0,United Kingdom,0,0,0.0021150077
576864,12748.0,United Kingdom,0,0,0.0013107805
576865,12748.0,United Kingdom,0,0,0.0012108111
576889,12748.0,United Kingdom,0,0,0.0070894533
577057,12748.0,United Kingdom,0,0,0.0002108917
577177,12748.0,United Kingdom,0,0,0.4964731
578021,12748.0,United Kingdom,0,1,0.7161457
578147,12748.0,United Kingdom,0,0,0.0027775036
578153,12748.0,United Kingdom,0,0,0.006911316
578155,12748.0,United Kingdom,0,0,0.0013416135
578211,12748.0,United Kingdom,0,0,0.0012059262
578264,12748.0,United Kingdom,0,0,0.0022768052
578266,12748.0,United Kingdom,0,0,0.0011985194
578267,12748.0,United Kingdom,0,1,0.6285796
578268,12748.0,United Kingdom,0,0,0.48554125
578278,12748.0,United Kingdom,0,0,0.0011467127
578285,12748.0,United Kingdom,0,0,0.004884836
578288,12748.0,United Kingdom,0,0,0.40865657
578308,12748.0,United Kingdom,0,0,0.00402763
578400,12748.0,United Kingdom,0,0,0.00073124195
578461,12748.0,United Kingdom,0,0,0.024129506
578630,12748.0,United Kingdom,0,0,0.10754267
578757,12748.0,United Kingdom,0,0,0.00035146825
578783,12748.0,United Kingdom,0,0,0.0006314733
578814,12748.0,United Kingdom,0,0,0.00050616503
579188,12748.0,United Kingdom,0,0,0.005143692
579430,12748.0,United Kingdom,0,0,0.0062139034
579453,12748.0,United Kingdom,0,0,0.010575611
579517,12748.0,United Kingdom,0,0,0.08814845
579518,12748.0,United Kingdom,0,0,0.008335585
C579519,12748.0,United Kingdom,1,0,0.2280331
579520,12748.0,United Kingdom,0,0,0.0034965733
C579521,12748.0,United Kingdom,1,1,0.7890767
580048,12748.0,United Kingdom,0,0,0.00039527286
580149,12748.0,United Kingdom,0,0,0.3097799
580460,12748.0,United Kingdom,0,0,0.038892105
580468,12748.0,United Kingdom,0,0,0.00079160696
580611,12748.0,United Kingdom,0,0,0.00042133164
581449,12748.0,United Kingdom,0,0,0.010381204
581473,12748.0,United Kingdom,0,0,0.00038896612
581474,12748.0,United Kingdom,0,0,0.0027978201
581580,12748.0,United Kingdom,0,0,0.004543027
577009,12749.0,United Kingdom,0,0,0.001178287
580750,12749.0,United Kingdom,0,0,0.0029201007
576923,12753.0,Japan,0,0,0.00046098232
C580832,12753.0,Japan,1,0,0.05705042
569866,12757.0,Portugal,0,0,0.00031760536
569870,12757.0,Portugal,0,0,0.0026858924
571901,12757.0,Portugal,0,0,0.30048364
575743,12757.0,Portugal,0,0,0.017768294
576257,12757.0,Portugal,0,1,0.74644035
578463,12757.0,Portugal,0,0,0.005525273
571697,12759.0,Netherlands,0,0,0.0007180814
576269,12762.0,Portugal,0,0,0.0020269812
580153,12762.0,Portugal,0,0,0.0007679182
570964,12766.0,Portugal,0,0,0.000192821
580734,12766.0,Portugal,0,0,0.0003872937
570499,12772.0,Portugal,0,0,0.000397941
578082,12775.0,Netherlands,0,0,0.005554577
570191,12778.0,Netherlands,0,0,0.0008788527
577474,12778.0,Netherlands,0,0,0.0023649153
C577481,12778.0,Netherlands,1,1,0.70922595
573999,12779.0,Poland,0,0,0.00017877977
C577395,12779.0,Poland,1,1,0.9149425
570026,12781.0,Czech Republic,0,0,0.0011601036
C577151,12781.0,Czech Republic,1,1,0.6268655
C577353,12781.0,Czech Republic,1,0,0.3352894
580545,12782.0,Portugal,0,0,0.00050738815
571188,12783.0,Portugal,0,0,0.002092677
571324,12783.0,Portugal,0,1,0.6254644
C571325,12783.0,Portugal,1,1,0.57677764
571326,12783.0,Portugal,0,1,0.57677764
C571327,12783.0,Portugal,1,1,0.55421776
574844,12783.0,Portugal,0,0,0.0058334144
581182,12783.0,Portugal,0,0,0.0023770311
578488,12784.0,Portugal,0,0,0.0013671109
579790,12784.0,Portugal,0,1,0.8508351
C581128,12785.0,Portugal,1,1,0.9766881
579528,12787.0,Netherlands,0,0,0.0013488901
569665,12789.0,Netherlands,0,0,0.13308313
571477,12794.0,Portugal,0,0,0.001609273
577618,12795.0,Portugal,0,0,0.000837684
572869,12798.0,Japan,0,0,0.08835577
579498,12798.0,Japan,0,0,0.14236738
574099,12808.0,Portugal,0,0,0.0019131682
572763,12812.0,Japan,0,0,0.013082576
572873,12820.0,United Kingdom,0,0,0.0015913555
580973,12820.0,United Kingdom,0,0,0.0023398942
570646,12824.0,United Kingdom,0,0,0.00080563937
575682,12826.0,United Kingdom,0,0,0.0029230078
581022,12826.0,United Kingdom,0,0,0.0049754498
572907,12827.0,United Kingdom,0,0,0.005006397
574833,12827.0,United Kingdom,0,0,0.019511592
580438,12827.0,United Kingdom,0,0,0.009231312
569577,12828.0,United Kingdom,0,0,0.0069559915
580163,12828.0,United Kingdom,0,0,0.0021263123
581005,12828.0,United Kingdom,0,0,0.030131975
574012,12830.0,United Kingdom,0,0,0.0034810877
574881,12832.0,United Kingdom,0,0,0.0102534685
570677,12836.0,United Kingdom,0,0,0.000585215
574670,12838.0,United Kingdom,0,0,0.00023788169
573078,12839.0,United Kingdom,0,0,0.0013694435
576381,12839.0,United Kingdom,0,0,0.0015822418
579131,12839.0,United Kingdom,0,0,0.00042333538
C580957,12839.0,United Kingdom,1,1,0.98004216
581122,12839.0,United Kingdom,0,0,0.0018721572
C569636,12841.0,United Kingdom,1,0,0.0013338348
569641,12841.0,United Kingdom,0,0,0.0122822905
571849,12841.0,United Kingdom,0,0,0.0077971634
573001,12841.0,United Kingdom,0,0,0.007508591
577089,12841.0,United Kingdom,0,0,0.0047898656
578791,12841.0,United Kingdom,0,0,0.00912963
580600,12841.0,United Kingdom,0,0,0.004219136
580601,12841.0,United Kingdom,0,0,0.46724612
569634,12843.0,United Kingdom,0,1,0.6316917
575628,12844.0,United Kingdom,0,0,0.0006263751
577034,12847.0,United Kingdom,0,0,6.4481246e-05
575085,12849.0,United Kingdom,0,0,0.0005535534
570116,12856.0,United Kingdom,0,0,0.00012332482
571212,12856.0,United Kingdom,0,0,0.0004679269
C572864,12856.0,United Kingdom,1,1,0.9635629
573544,12856.0,United Kingdom,0,0,0.00064189127
C575749,12856.0,United Kingdom,1,1,0.9804709
575766,12856.0,United Kingdom,0,0,0.0062690526
577690,12856.0,United Kingdom,0,0,0.002656141
580162,12856.0,United Kingdom,0,0,0.0007493539
571685,12863.0,United Kingdom,0,0,0.0016779844
576019,12865.0,Austria,0,0,0.00034851968
C575980,12867.0,United Kingdom,1,1,0.87956274
576062,12867.0,United Kingdom,0,0,0.000264444
571030,12876.0,Belgium,0,0,8.811626e-05
576560,12877.0,United Kingdom,0,0,0.00044287994
580760,12877.0,United Kingdom,0,0,0.08713126
C577750,12878.0,United Kingdom,1,1,0.7993431
572852,12879.0,United Kingdom,0,0,0.029315256
574631,12882.0,United Kingdom,0,0,0.006905656
579837,12882.0,United Kingdom,0,0,0.013361307
576382,12883.0,United Kingdom,0,1,0.5592057
576383,12883.0,United Kingdom,0,0,0.008989719
576384,12883.0,United Kingdom,0,0,0.010949999
570129,12885.0,United Kingdom,0,0,0.008764022
570130,12885.0,United Kingdom,0,0,0.19981924
569248,12886.0,United Kingdom,0,0,0.0005177324
576626,12890.0,United Kingdom,0,0,0.00031740376
575303,12893.0,United Kingdom,0,0,0.0029858325
573281,12895.0,United Kingdom,0,0,0.009171612
571259,12901.0,United Kingdom,0,0,0.023875907
571261,12901.0,United Kingdom,0,0,0.04416795
C571262,12901.0,United Kingdom,1,0,0.04416795
573008,12901.0,United Kingdom,0,0,0.002077562
573982,12901.0,United Kingdom,0,0,0.025092805
576827,12901.0,United Kingdom,0,0,0.08235699
579450,12901.0,United Kingdom,0,0,0.01472505
579454,12901.0,United Kingdom,0,0,0.036993075
579936,12901.0,United Kingdom,0,0,0.14441292
577751,12904.0,United Kingdom,0,0,0.0016198717
579014,12906.0,United Kingdom,0,0,0.0009774789
579015,12906.0,United Kingdom,0,0,0.14477456
579016,12906.0,United Kingdom,0,0,0.024768783
C570708,12908.0,United Kingdom,1,0,0.026587306
573531,12909.0,United Kingdom,0,0,0.0017511967
569836,12910.0,United Kingdom,0,0,0.0033580717
576824,12910.0,United Kingdom,0,0,0.0019962452
576826,12910.0,United Kingdom,0,0,0.25417426
573334,12912.0,United Kingdom,0,0,0.0028259284
576636,12912.0,United Kingdom,0,0,0.032927364
578820,12912.0,United Kingdom,0,0,0.03581465
580053,12912.0,United Kingdom,0,0,0.008804865
581007,12912.0,United Kingdom,0,0,0.10044451
578362,12913.0,United Kingdom,0,0,0.0005523239
580630,12913.0,United Kingdom,0,0,0.00037090108
574963,12919.0,United Kingdom,0,0,0.00040142346
578128,12919.0,United Kingdom,0,0,0.045843687
580070,12919.0,United Kingdom,0,0,0.01946626
578057,12920.0,United Kingdom,0,0,0.001035253
572451,12921.0,United Kingdom,0,0,0.0009030518
572452,12921.0,United Kingdom,0,0,0.029329166
572453,12921.0,United Kingdom,0,0,0.042683076
C573099,12921.0,United Kingdom,1,1,0.9714432
575198,12921.0,United Kingdom,0,0,0.13304536
575199,12921.0,United Kingdom,0,0,0.0075199986
575200,12921.0,United Kingdom,0,1,0.55216366
577741,12921.0,United Kingdom,0,0,0.0025382678
578485,12921.0,United Kingdom,0,0,0.001606027
579843,12921.0,United Kingdom,0,0,0.0031163548
579846,12921.0,United Kingdom,0,0,0.020683603
C580751,12921.0,United Kingdom,1,1,0.63071436
569901,12923.0,United Kingdom,0,0,0.00022838253
580599,12925.0,United Kingdom,0,0,0.0018795871
572563,12928.0,United Kingdom,0,0,0.0006836063
574533,12928.0,United Kingdom,0,0,0.0049121487
569334,12931.0,United Kingdom,0,0,0.0030902764
575335,12931.0,United Kingdom,0,0,0.013144063
C575341,12931.0,United Kingdom,1,0,0.15108211
C575921,12931.0,United Kingdom,1,0,0.29901588
577021,12931.0,United Kingdom,0,0,0.013143222
577289,12931.0,United Kingdom,0,0,0.01664184
576614,12933.0,United Kingdom,0,0,0.0005704674
575937,12935.0,United Kingdom,0,0,0.00066612277
581195,12935.0,United Kingdom,0,1,0.92273563
581196,12935.0,United Kingdom,0,0,0.10415916
577166,12936.0,United Kingdom,0,0,0.07514886
C578077,12936.0,United Kingdom,1,1,0.585796
578096,12936.0,United Kingdom,0,0,0.19284804
578098,12936.0,United Kingdom,0,0,0.015600619
578551,12937.0,United Kingdom,0,0,0.00017281213
576182,12938.0,United Kingdom,0,0,0.011371381
569857,12939.0,United Kingdom,0,0,0.0049759266
569858,12939.0,United Kingdom,0,0,0.016488586
571270,12940.0,United Kingdom,0,0,0.0003549527
C572492,12940.0,United Kingdom,1,1,0.92766035
574387,12944.0,United Kingdom,0,0,0.0002415108
570682,12948.0,United Kingdom,0,0,0.002289615
572914,12948.0,United Kingdom,0,0,0.03626195
578322,12948.0,United Kingdom,0,0,0.01200761
575221,12949.0,United Kingdom,0,0,0.00040291116
576571,12950.0,United Kingdom,0,0,0.001569253
580111,12950.0,United Kingdom,0,0,0.004757622
581138,12950.0,United Kingdom,0,0,0.003726041
580030,12951.0,United Kingdom,0,0,0.0014389285
573134,12952.0,United Kingdom,0,0,0.01935007
573135,12952.0,United Kingdom,0,0,0.018716564
C575664,12952.0,United Kingdom,1,1,0.9385901
580389,12952.0,United Kingdom,0,0,0.004882657
579533,12953.0,United Kingdom,0,0,0.00041576737
571708,12955.0,United Kingdom,0,0,0.0023500612
574029,12955.0,United Kingdom,0,0,0.00079917954
578118,12955.0,United Kingdom,0,0,0.00043596624
580057,12955.0,United Kingdom,0,0,0.009056086
581438,12955.0,United Kingdom,0,0,0.0034241697
C569251,12957.0,United Kingdom,1,1,0.97171617
576259,12957.0,United Kingdom,0,0,0.0009595028
579536,12957.0,United Kingdom,0,0,0.00021647985
C580707,12957.0,United Kingdom,1,1,0.9739464
580351,12962.0,United Kingdom,0,0,0.0015595492
571457,12963.0,United Kingdom,0,0,0.012013688
576642,12963.0,United Kingdom,0,0,0.020177884
576667,12963.0,United Kingdom,0,0,0.0651686
577806,12963.0,United Kingdom,0,0,0.028538462
579509,12963.0,United Kingdom,0,0,0.054086
580051,12963.0,United Kingdom,0,0,0.010541488
579671,12966.0,United Kingdom,0,0,0.013622694
C580954,12967.0,United Kingdom,1,0,0.00038290193
580305,12970.0,United Kingdom,0,0,9.175891e-05
580307,12970.0,United Kingdom,0,0,0.0049019437
569373,12971.0,United Kingdom,0,0,0.06030917
569559,12971.0,United Kingdom,0,0,0.06881467
571742,12971.0,United Kingdom,0,0,0.19515365
573372,12971.0,United Kingdom,0,0,0.009087983
574330,12971.0,United Kingdom,0,0,0.19395448
574961,12971.0,United Kingdom,0,0,0.070696935
575388,12971.0,United Kingdom,0,0,0.16152735
575389,12971.0,United Kingdom,0,0,0.019815648
575390,12971.0,United Kingdom,0,0,0.035066806
576237,12971.0,United Kingdom,0,1,0.5999208
576853,12971.0,United Kingdom,0,0,0.084799886
577018,12971.0,United Kingdom,0,0,0.022907406
577443,12971.0,United Kingdom,0,0,0.057218984
578015,12971.0,United Kingdom,0,0,0.009020181
578668,12971.0,United Kingdom,0,0,0.07079564
579122,12971.0,United Kingdom,0,0,0.0078087663
579513,12971.0,United Kingdom,0,0,0.05535699
580093,12971.0,United Kingdom,0,0,0.20876141
580882,12971.0,United Kingdom,0,0,0.15109839
575586,12981.0,United Kingdom,0,0,0.0026229261
577724,12984.0,United Kingdom,0,0,0.009234945
575868,12985.0,United Kingdom,0,0,0.00016795771
C581462,12985.0,United Kingdom,1,1,0.52076215
581501,12985.0,United Kingdom,0,0,0.0905084
569411,12989.0,United Kingdom,0,0,0.01790748
569418,12989.0,United Kingdom,0,0,0.032905422
571302,12989.0,United Kingdom,0,0,0.012638599
577202,12989.0,United Kingdom,0,0,0.005883486
580047,12989.0,United Kingdom,0,0,0.0083828075
C580912,12989.0,United Kingdom,1,0,0.3284191
580975,12989.0,United Kingdom,0,0,0.17155749
575071,12990.0,United Kingdom,0,0,0.001563767
576845,12991.0,United Kingdom,0,0,0.0007232801
576854,12993.0,United Kingdom,0,0,0.022584753
580689,12994.0,United Kingdom,0,0,0.0015923938
577085,12997.0,United Kingdom,0,0,0.0006090411
577053,13001.0,United Kingdom,0,0,0.00064707256
580680,13001.0,United Kingdom,0,0,0.0010628033
570108,13004.0,United Kingdom,0,0,0.0030627092
570144,13004.0,United Kingdom,0,0,0.13651742
C573031,13004.0,United Kingdom,1,1,0.87012976
574368,13004.0,United Kingdom,0,0,0.0012574011
575939,13004.0,United Kingdom,0,0,0.0038069529
579100,13004.0,United Kingdom,0,0,0.0011860054
571226,13006.0,United Kingdom,0,0,0.008073073
576867,13012.0,United Kingdom,0,0,0.022020668
C577360,13012.0,United Kingdom,1,1,0.50532275
577361,13012.0,United Kingdom,0,0,0.107120365
579674,13012.0,United Kingdom,0,0,0.0032357448
569738,13013.0,United Kingdom,0,0,0.0042203544
574327,13013.0,United Kingdom,0,0,0.0012547474
577332,13013.0,United Kingdom,0,0,0.0032401925
581417,13013.0,United Kingdom,0,0,0.00640431
574260,13014.0,United Kingdom,0,0,0.000551443
574879,13014.0,United Kingdom,0,1,0.66736597
577047,13014.0,United Kingdom,0,0,0.021963798
579406,13014.0,United Kingdom,0,0,0.014939997
C581012,13014.0,United Kingdom,1,1,0.98118687
571433,13015.0,United Kingdom,0,0,0.00012932562
580331,13017.0,United Kingdom,0,0,0.04312377
569868,13018.0,United Kingdom,0,0,0.0003085742
575202,13018.0,United Kingdom,0,0,0.0016035785
575203,13018.0,United Kingdom,0,0,0.25853723
575986,13018.0,United Kingdom,0,0,0.0077959243
575987,13018.0,United Kingdom,0,0,0.28915808
575988,13018.0,United Kingdom,0,0,0.0135912625
578265,13018.0,United Kingdom,0,0,0.004827866
573907,13021.0,United Kingdom,0,0,0.004594219
576099,13021.0,United Kingdom,0,0,0.00048287897
580712,13021.0,United Kingdom,0,0,0.0229864
569904,13023.0,United Kingdom,0,0,0.005177023
574943,13026.0,United Kingdom,0,0,0.0029477403
C576401,13026.0,United Kingdom,1,1,0.88733786
C576402,13026.0,United Kingdom,1,1,0.68737894
581443,13026.0,United Kingdom,0,0,0.0043785973
572688,13028.0,United Kingdom,0,0,0.00034847335
C573755,13028.0,United Kingdom,1,1,0.97414714
576931,13028.0,United Kingdom,0,0,0.00086376956
575189,13029.0,United Kingdom,0,0,0.0013702791
579171,13030.0,United Kingdom,0,0,0.00048036428
571710,13032.0,United Kingdom,0,0,0.0007279425
C573764,13032.0,United Kingdom,1,1,0.94217914
571273,13034.0,United Kingdom,0,0,0.00036297724
C571029,13035.0,United Kingdom,1,1,0.5265845
574699,13040.0,United Kingdom,0,0,0.0007624178
579943,13040.0,United Kingdom,0,0,0.0013227308
575183,13046.0,United Kingdom,0,0,0.00026299324
571185,13047.0,United Kingdom,0,0,0.00048426917
C572491,13047.0,United Kingdom,1,1,0.9733608
575043,13047.0,United Kingdom,0,1,0.9634411
C575047,13047.0,United Kingdom,1,1,0.6671723
578809,13048.0,United Kingdom,0,0,0.00090541807
569888,13049.0,United Kingdom,0,0,0.001173597
571192,13050.0,United Kingdom,0,0,0.000658775
572566,13050.0,United Kingdom,0,0,0.00062719407
C574488,13050.0,United Kingdom,1,1,0.9631309
577155,13050.0,United Kingdom,0,0,0.0010465622
578686,13050.0,United Kingdom,0,0,0.0063982443
C579882,13050.0,United Kingdom,1,1,0.9630515
C569970,13055.0,United Kingdom,1,1,0.9345341
570832,13058.0,United Kingdom,0,0,0.004507584
576539,13058.0,United Kingdom,0,0,0.02519371
578929,13064.0,United Kingdom,0,0,0.0014902388
574936,13066.0,United Kingdom,0,0,0.0024292737
576554,13066.0,United Kingdom,0,0,0.0046250024
C576565,13066.0,United Kingdom,1,0,0.43052405
579469,13068.0,United Kingdom,0,0,0.01886627
571434,13069.0,United Kingdom,0,0,0.004024519
571437,13069.0,United Kingdom,0,0,0.31508192
C578832,13069.0,United Kingdom,1,0,0.0010352031
578836,13069.0,United Kingdom,0,0,0.0035995631
581475,13069.0,United Kingdom,0,0,0.016879015
581467,13077.0,United Kingdom,0,0,0.001287958
569768,13078.0,United Kingdom,0,0,0.00073663273
569769,13078.0,United Kingdom,0,0,0.12378737
C570483,13078.0,United Kingdom,1,1,0.96279746
570852,13078.0,United Kingdom,0,0,0.0038647123
571917,13078.0,United Kingdom,0,0,0.011048152
574755,13078.0,United Kingdom,0,0,0.007845638
576574,13078.0,United Kingdom,0,0,0.002973186
C577391,13078.0,United Kingdom,1,1,0.8273029
578116,13078.0,United Kingdom,0,0,0.007827349
579505,13078.0,United Kingdom,0,0,0.023787452
C579746,13078.0,United Kingdom,1,1,0.53258497
C579905,13078.0,United Kingdom,1,0,0.124205045
580978,13078.0,United Kingdom,0,0,0.003685303
C581460,13078.0,United Kingdom,1,1,0.87681925
577138,13079.0,United Kingdom,0,1,0.812479
580718,13079.0,United Kingdom,0,1,0.66276574
574328,13081.0,United Kingdom,0,0,0.0004019015
575579,13081.0,United Kingdom,0,0,0.14163068
C575670,13081.0,United Kingdom,1,0,0.34360862
C576397,13081.0,United Kingdom,1,1,0.95385116
C577817,13081.0,United Kingdom,1,1,0.97064596
C578784,13081.0,United Kingdom,1,1,0.97162205
579093,13081.0,United Kingdom,0,0,0.00025916367
C581390,13081.0,United Kingdom,1,1,0.9506663
580681,13083.0,United Kingdom,0,0,0.0024263612
569871,13089.0,United Kingdom,0,0,0.011078505
569872,13089.0,United Kingdom,0,0,0.09854541
569873,13089.0,United Kingdom,0,0,0.09854541
570514,13089.0,United Kingdom,0,0,0.00023523852
C571320,13089.0,United Kingdom,1,1,0.96368
571738,13089.0,United Kingdom,0,0,0.012740036
571892,13089.0,United Kingdom,0,0,0.009605727
573166,13089.0,United Kingdom,0,0,0.0018536883
573394,13089.0,United Kingdom,0,0,0.0135447765
575060,13089.0,United Kingdom,0,0,0.0008031448
576355,13089.0,United Kingdom,0,0,0.006035942
576736,13089.0,United Kingdom,0,0,0.013661409
577093,13089.0,United Kingdom,0,0,0.01780258
578101,13089.0,United Kingdom,0,0,0.061502006
578102,13089.0,United Kingdom,0,0,0.0023921805
579177,13089.0,United Kingdom,0,0,0.016947478
580112,13089.0,United Kingdom,0,0,0.010314476
580125,13089.0,United Kingdom,0,0,0.032722864
580673,13089.0,United Kingdom,0,0,0.00035483987
581008,13089.0,United Kingdom,0,0,0.0194862
569803,13090.0,United Kingdom,0,0,0.0045708586
C570199,13090.0,United Kingdom,1,1,0.81603307
571430,13090.0,United Kingdom,0,0,0.017903212
575137,13090.0,United Kingdom,0,0,0.0033961975
577488,13090.0,United Kingdom,0,0,0.0012918445
580045,13090.0,United Kingdom,0,0,0.006232818
575908,13091.0,United Kingdom,0,0,0.00027101452
C577383,13091.0,United Kingdom,1,1,0.88152474
577325,13094.0,United Kingdom,0,0,0.048114445
574824,13097.0,United Kingdom,0,0,0.0024371743
570268,13098.0,United Kingdom,0,0,0.000724555
570275,13098.0,United Kingdom,0,0,0.014962491
C572478,13098.0,United Kingdom,1,1,0.96675986
573143,13098.0,United Kingdom,0,0,0.041206606
C575672,13098.0,United Kingdom,1,1,0.8941688
575725,13098.0,United Kingdom,0,0,0.02143659
577357,13098.0,United Kingdom,0,0,0.002497185
579545,13098.0,United Kingdom,0,0,0.00044184743
C579894,13098.0,United Kingdom,1,0,0.099439204
580532,13098.0,United Kingdom,0,0,0.004392889
580533,13098.0,United Kingdom,0,0,0.15207708
C580821,13098.0,United Kingdom,1,1,0.8193423
581410,13098.0,United Kingdom,0,0,0.0074293925
573272,13102.0,United Kingdom,0,0,0.0013908228
576832,13102.0,United Kingdom,0,0,0.039107166
580134,13102.0,United Kingdom,0,0,0.0031092376
581380,13102.0,United Kingdom,0,0,0.028180916
573419,13103.0,United Kingdom,0,0,0.0026371002
572328,13104.0,United Kingdom,0,0,0.007833225
580906,13104.0,United Kingdom,0,0,0.0029329695
572900,13107.0,United Kingdom,0,0,0.013312001
570509,13109.0,United Kingdom,0,0,0.0001671544
C571927,13109.0,United Kingdom,1,1,0.9803743
C581124,13109.0,United Kingdom,1,1,0.8826901
571509,13110.0,United Kingdom,0,0,0.0004584322
575129,13110.0,United Kingdom,0,0,0.004451569
C570221,13113.0,United Kingdom,1,0,0.00017137598
570222,13113.0,United Kingdom,0,0,0.028999357
C570274,13113.0,United Kingdom,1,0,0.43086326
573371,13113.0,United Kingdom,0,0,0.006376449
578699,13113.0,United Kingdom,0,0,0.0076490548
581586,13113.0,United Kingdom,0,0,0.0052443487
570806,13115.0,United Kingdom,0,0,0.0015425341
571182,13115.0,United Kingdom,0,1,0.80910766
C571925,13115.0,United Kingdom,1,1,0.8533463
579134,13115.0,United Kingdom,0,0,0.0017872943
C579931,13115.0,United Kingdom,1,1,0.7206002
577218,13117.0,United Kingdom,0,0,0.0061336667
577505,13118.0,United Kingdom,0,0,0.00040500297
577510,13118.0,United Kingdom,0,0,0.27976897
C577509,13118.0,United Kingdom,1,0,0.2155554
572775,13126.0,United Kingdom,0,0,0.0014830388
C573754,13126.0,United Kingdom,1,1,0.9322227
580550,13126.0,United Kingdom,0,0,0.00034806327
C569963,13131.0,United Kingdom,1,1,0.9187221
576774,13131.0,United Kingdom,0,0,0.0006905757
571224,13136.0,United Kingdom,0,0,0.0010705013
C572111,13136.0,United Kingdom,1,1,0.94904816
573347,13137.0,United Kingdom,0,0,0.000100665035
575840,13137.0,United Kingdom,0,0,7.911239e-05
579399,13137.0,United Kingdom,0,0,0.00011929708
572322,13138.0,United Kingdom,0,0,0.00567214
577101,13138.0,United Kingdom,0,0,0.012087071
574834,13139.0,United Kingdom,0,0,0.00065582356
574835,13139.0,United Kingdom,0,0,0.006840149
C576247,13139.0,United Kingdom,1,1,0.9201929
578283,13139.0,United Kingdom,0,0,0.01613773
577594,13142.0,United Kingdom,0,0,0.0012702745
573532,13145.0,United Kingdom,0,0,0.04116913
576061,13146.0,United Kingdom,0,0,0.0028153572
573129,13147.0,United Kingdom,0,0,0.03264037
575205,13147.0,United Kingdom,0,0,0.052780934
579451,13147.0,United Kingdom,0,0,0.039707355
575640,13148.0,United Kingdom,0,0,0.0054460405
575680,13148.0,United Kingdom,0,0,0.00045495344
578806,13149.0,United Kingdom,0,0,0.00012744854
580432,13153.0,United Kingdom,0,0,0.00053104985
574735,13155.0,United Kingdom,0,0,0.0062640854
572225,13157.0,United Kingdom,0,0,0.00035370607
572068,13159.0,United Kingdom,0,0,0.0014346861
579991,13159.0,United Kingdom,0,0,0.0032087779
577032,13160.0,United Kingdom,0,0,0.013377018
572520,13165.0,United Kingdom,0,0,0.0004616032
569364,13167.0,United Kingdom,0,0,0.0070310514
577721,13167.0,United Kingdom,0,0,0.012113047
574247,13168.0,United Kingdom,0,0,0.0007036954
570098,13169.0,United Kingdom,0,0,0.0034280382
575957,13170.0,United Kingdom,0,0,0.00032498408
572272,13171.0,United Kingdom,0,0,0.00046546792
577165,13171.0,United Kingdom,0,0,0.0057876827
C578131,13171.0,United Kingdom,1,1,0.95578593
C580099,13171.0,United Kingdom,1,1,0.96326977
580692,13173.0,United Kingdom,0,0,0.002020122
578292,13174.0,United Kingdom,0,0,0.00013707163
572528,13176.0,United Kingdom,0,0,0.00016664897
569732,13177.0,United Kingdom,0,0,0.0010958007
574331,13178.0,United Kingdom,0,0,0.018753795
576074,13178.0,United Kingdom,0,0,0.013217901
572678,13182.0,United Kingdom,0,0,0.009734417
574066,13183.0,United Kingdom,0,0,0.0011305673
580155,13183.0,United Kingdom,0,0,0.0028073885
578786,13184.0,United Kingdom,0,0,0.0007344861
573486,13186.0,United Kingdom,0,0,0.0060762316
579185,13188.0,United Kingdom,0,0,0.028794019
577646,13189.0,United Kingdom,0,0,0.0119839655
570235,13193.0,United Kingdom,0,0,0.00105599
579159,13196.0,United Kingdom,0,0,0.0021056791
579160,13196.0,United Kingdom,0,0,0.03329645
C570004,13198.0,United Kingdom,1,1,0.92752516
579473,13198.0,United Kingdom,0,0,0.00091876904
569780,13199.0,United Kingdom,0,0,0.0045319283
569781,13199.0,United Kingdom,0,0,0.04459515
571933,13199.0,United Kingdom,0,0,0.12626047
573179,13199.0,United Kingdom,0,0,0.009292885
573230,13199.0,United Kingdom,0,0,0.22994515
574935,13199.0,United Kingdom,0,0,0.05945623
575027,13199.0,United Kingdom,0,0,0.14182915
576693,13199.0,United Kingdom,0,0,0.017722175
577605,13199.0,United Kingdom,0,0,0.006787112
578014,13199.0,United Kingdom,0,0,0.27952176
578694,13199.0,United Kingdom,0,0,0.1981079
578695,13199.0,United Kingdom,0,0,0.106997706
579452,13199.0,United Kingdom,0,0,0.2549804
580031,13199.0,United Kingdom,0,0,0.19369991
580138,13199.0,United Kingdom,0,0,0.015275057
580892,13199.0,United Kingdom,0,0,0.025937555
577143,13200.0,United Kingdom,0,0,0.007795119
577555,13200.0,United Kingdom,0,0,0.09435812
573552,13203.0,United Kingdom,0,0,0.00041983812
579549,13203.0,United Kingdom,0,0,0.004721801
578535,13207.0,United Kingdom,0,0,0.038699664
570685,13208.0,United Kingdom,0,0,0.0023414276
570705,13208.0,United Kingdom,0,0,0.3180716
C570704,13208.0,United Kingdom,1,0,0.48461622
575331,13209.0,United Kingdom,0,0,0.00011663573
575332,13209.0,United Kingdom,0,0,0.17450354
575333,13209.0,United Kingdom,0,0,0.014708145
579462,13211.0,United Kingdom,0,0,0.0005565412
570237,13212.0,United Kingdom,0,0,0.00012157051
570240,13212.0,United Kingdom,0,0,0.17431797
577506,13212.0,United Kingdom,0,0,0.00015531745
C579776,13212.0,United Kingdom,1,1,0.9876211
571189,13213.0,United Kingdom,0,0,0.000523744
570448,13224.0,United Kingdom,0,0,0.0001435744
C570450,13224.0,United Kingdom,1,0,0.15244053
570429,13225.0,United Kingdom,0,0,0.004379315
580910,13225.0,United Kingdom,0,0,0.0012562776
575731,13230.0,United Kingdom,0,0,0.00067243644
580695,13230.0,United Kingdom,0,0,0.00059375627
576025,13232.0,United Kingdom,0,0,0.0013599285
578849,13232.0,United Kingdom,0,0,0.0035859172
576543,13236.0,United Kingdom,0,0,0.0009456343
576872,13238.0,United Kingdom,0,0,0.0013091118
578064,13238.0,United Kingdom,0,0,0.14233512
C579186,13238.0,United Kingdom,1,1,0.9629205
572026,13245.0,United Kingdom,0,0,0.0030114027
C577786,13246.0,United Kingdom,1,0,0.09144676
577795,13246.0,United Kingdom,0,0,0.009201159
571898,13247.0,United Kingdom,0,0,0.0150601035
577048,13247.0,United Kingdom,0,0,0.07885652
577848,13247.0,United Kingdom,0,1,0.5401511
579677,13255.0,United Kingdom,0,0,0.0020471057
C580770,13255.0,United Kingdom,1,1,0.9778015
576780,13258.0,United Kingdom,0,0,0.00035952782
579010,13258.0,United Kingdom,0,0,0.004671107
570210,13259.0,United Kingdom,0,0,0.00058099255
570227,13260.0,United Kingdom,0,0,0.0012391566
569518,13263.0,United Kingdom,0,0,0.021013133
570650,13263.0,United Kingdom,0,0,0.0011496039
571900,13263.0,United Kingdom,0,0,0.48584977
572073,13263.0,United Kingdom,0,0,0.0050794636
572746,13263.0,United Kingdom,0,0,0.0011204664
573070,13263.0,United Kingdom,0,0,0.0019622983
578258,13263.0,United Kingdom,0,0,0.0005109661
579147,13263.0,United Kingdom,0,0,0.0029880875
579980,13263.0,United Kingdom,0,0,0.0022617918
581407,13263.0,United Kingdom,0,0,0.00047139227
571496,13265.0,United Kingdom,0,0,0.0003654564
C569958,13266.0,United Kingdom,1,1,0.82128507
573102,13266.0,United Kingdom,0,0,0.00090241054
575634,13266.0,United Kingdom,0,0,0.002201247
C577153,13266.0,United Kingdom,1,1,0.85181814
579174,13266.0,United Kingdom,0,0,0.005782017
574313,13267.0,United Kingdom,0,0,0.008384346
575643,13267.0,United Kingdom,0,0,0.0057481206
C576348,13267.0,United Kingdom,1,1,0.9666545
577851,13267.0,United Kingdom,0,0,0.026244156
C579914,13267.0,United Kingdom,1,1,0.9374344
581059,13267.0,United Kingdom,0,0,0.01379587
573814,13268.0,United Kingdom,0,0,0.00026893886
C576226,13268.0,United Kingdom,1,1,0.95735896
576347,13268.0,United Kingdom,0,0,0.33570012
577869,13268.0,United Kingdom,0,0,0.00063736766
577906,13268.0,United Kingdom,0,0,0.3300853
569536,13269.0,United Kingdom,0,0,0.0011034339
569537,13269.0,United Kingdom,0,0,0.009366578
C572531,13269.0,United Kingdom,1,1,0.8895852
577140,13269.0,United Kingdom,0,1,0.618106
577141,13269.0,United Kingdom,0,0,0.001849976
579144,13269.0,United Kingdom,0,0,0.009043629
581415,13269.0,United Kingdom,0,0,0.002512417
574063,13271.0,United Kingdom,0,0,0.00024838847
C574065,13271.0,United Kingdom,1,0,0.033408344
575088,13272.0,United Kingdom,0,0,0.01093364
570118,13276.0,United Kingdom,0,0,0.00061528827
576225,13277.0,United Kingdom,0,0,0.041147225
578343,13277.0,United Kingdom,0,0,0.08239465
573339,13278.0,United Kingdom,0,0,7.2062016e-05
C569966,13279.0,United Kingdom,1,1,0.9399776
577770,13282.0,United Kingdom,0,0,0.0031171103
570506,13283.0,United Kingdom,0,0,0.008084575
576771,13285.0,United Kingdom,0,0,0.00027469316
573769,13292.0,United Kingdom,0,0,0.0009465795
569363,13297.0,United Kingdom,0,0,0.0007221933
576633,13297.0,United Kingdom,0,0,0.0031892813
576634,13297.0,United Kingdom,0,0,0.07063767
580143,13297.0,United Kingdom,0,0,0.0009517895
581385,13298.0,United Kingdom,0,0,0.008071904
577176,13305.0,United Kingdom,0,0,0.00027101478
580684,13305.0,United Kingdom,0,0,0.014348976
571694,13308.0,United Kingdom,0,0,0.009655378
576905,13308.0,United Kingdom,0,0,0.0052468744
572673,13309.0,United Kingdom,0,0,0.0015809392
580364,13309.0,United Kingdom,0,0,0.008420109
575929,13310.0,United Kingdom,0,0,0.0025821812
C579892,13310.0,United Kingdom,1,1,0.8058883
580642,13311.0,United Kingdom,0,0,0.015374874
574393,13313.0,United Kingdom,0,0,0.0007257347
577099,13313.0,United Kingdom,0,0,0.003277785
570123,13314.0,United Kingdom,0,0,0.0861615
C571893,13314.0,United Kingdom,1,0,0.0035834902
581357,13314.0,United Kingdom,0,0,0.0015840869
574049,13316.0,United Kingdom,0,0,0.00042505513
569493,13317.0,United Kingdom,0,0,0.00015257501
C569972,13317.0,United Kingdom,1,1,0.96173745
574047,13318.0,United Kingdom,0,0,0.00078914117
580436,13318.0,United Kingdom,0,0,0.011308363
581461,13318.0,United Kingdom,0,0,0.053892564
569403,13319.0,United Kingdom,0,0,0.00079542096
569404,13319.0,United Kingdom,0,0,0.010855727
575656,13319.0,United Kingdom,0,0,0.0018258282
575657,13319.0,United Kingdom,0,0,0.01767488
575658,13319.0,United Kingdom,0,0,0.19542985
578085,13319.0,United Kingdom,0,0,0.024660772
580506,13319.0,United Kingdom,0,0,0.0012576112
578040,13322.0,United Kingdom,0,0,0.0020412265
574913,13323.0,United Kingdom,0,0,0.024829246
577162,13323.0,United Kingdom,0,0,0.028820874
580090,13323.0,United Kingdom,0,0,0.014802761
580993,13323.0,United Kingdom,0,0,0.20020115
574303,13324.0,United Kingdom,0,0,0.001782584
C574912,13324.0,United Kingdom,1,1,0.9286906
573773,13327.0,United Kingdom,0,0,0.0006375208
574964,13329.0,United Kingdom,0,0,0.0012726318
578812,13332.0,United Kingdom,0,0,0.0017183772
572671,13340.0,United Kingdom,0,0,0.00064790563
572672,13340.0,United Kingdom,0,0,0.018125366
569243,13344.0,United Kingdom,0,0,0.00053527084
569244,13344.0,United Kingdom,0,0,0.01172177
569920,13348.0,United Kingdom,0,0,0.024698243
579256,13349.0,United Kingdom,0,0,0.002562617
C572109,13350.0,United Kingdom,1,1,0.80820125
578314,13350.0,United Kingdom,0,0,0.007548581
569487,13351.0,United Kingdom,0,0,0.0011053719
570426,13352.0,United Kingdom,0,0,0.0005872309
C580179,13352.0,United Kingdom,1,1,0.89703935
570008,13359.0,United Kingdom,0,0,0.00085751247
C570692,13359.0,United Kingdom,1,1,0.96501356
571629,13362.0,United Kingdom,0,0,0.0004396226
579749,13362.0,United Kingdom,0,0,0.0009329591
C580917,13362.0,United Kingdom,1,1,0.9774309
572969,13363.0,United Kingdom,0,0,0.0002897169
578006,13363.0,United Kingdom,0,0,0.0014949128
C569410,13364.0,United Kingdom,1,0,0.026833508
574678,13365.0,United Kingdom,0,0,8.927822e-05
C579902,13365.0,United Kingdom,1,1,0.7207127
572071,13366.0,United Kingdom,0,0,0.2988207
570273,13373.0,United Kingdom,0,0,0.00037494465
569231,13379.0,United Kingdom,0,0,0.00036034072
575983,13379.0,United Kingdom,0,0,0.0005156175
575040,13381.0,United Kingdom,0,0,0.00025319163
C577389,13381.0,United Kingdom,1,1,0.9617775
572737,13384.0,United Kingdom,0,0,0.0023418942
575216,13384.0,United Kingdom,0,0,0.0007106372
579165,13389.0,United Kingdom,0,0,0.0025562576
571310,13394.0,United Kingdom,0,0,0.00063580327
C574027,13394.0,United Kingdom,1,0,0.005828745
C574031,13394.0,United Kingdom,1,0,0.49286324
581285,13394.0,United Kingdom,0,0,0.0021599538
575701,13396.0,United Kingdom,0,0,0.0019564964
C577147,13396.0,United Kingdom,1,1,0.97795725
577808,13403.0,United Kingdom,0,0,0.022272464
581428,13404.0,United Kingdom,0,0,0.14035314
569479,13408.0,United Kingdom,0,0,0.0036842646
569480,13408.0,United Kingdom,0,0,0.3184738
C570471,13408.0,United Kingdom,1,1,0.9682261
572870,13408.0,United Kingdom,0,0,0.0018989136
572871,13408.0,United Kingdom,0,0,0.016236205
572874,13408.0,United Kingdom,0,0,0.035272904
572879,13408.0,United Kingdom,0,0,0.16507722
C574238,13408.0,United Kingdom,1,1,0.86584806
574280,13408.0,United Kingdom,0,0,0.00831911
575256,13408.0,United Kingdom,0,0,0.009583148
C575841,13408.0,United Kingdom,1,1,0.75647825
C575872,13408.0,United Kingdom,1,1,0.9485786
576768,13408.0,United Kingdom,0,0,0.0041932384
577820,13408.0,United Kingdom,0,0,0.016660985
578127,13408.0,United Kingdom,0,0,0.010754657
579150,13408.0,United Kingdom,0,0,0.008373284
579151,13408.0,United Kingdom,0,0,0.16848344
C579992,13408.0,United Kingdom,1,1,0.9484633
580096,13408.0,United Kingdom,0,0,0.02183068
580894,13408.0,United Kingdom,0,0,0.0064024315
581215,13408.0,United Kingdom,0,0,0.02406681
576606,13410.0,United Kingdom,0,0,0.0020541023
C579918,13410.0,United Kingdom,1,1,0.92351043
572924,13416.0,United Kingdom,0,0,0.0017328068
580540,13417.0,United Kingdom,0,0,0.0003156171
570292,13418.0,United Kingdom,0,0,0.0011470016
C570686,13418.0,United Kingdom,1,1,0.55113196
579037,13418.0,United Kingdom,0,0,0.000552291
570121,13419.0,United Kingdom,0,0,0.0025728804
573385,13421.0,United Kingdom,0,0,0.00044356272
569846,13422.0,United Kingdom,0,0,0.00014947893
C571862,13422.0,United Kingdom,1,1,0.87348384
569842,13426.0,United Kingdom,0,0,0.004517523
575965,13426.0,United Kingdom,0,0,0.0005830956
579439,13426.0,United Kingdom,0,0,0.0063135596
581477,13426.0,United Kingdom,0,0,0.023955166
577515,13427.0,United Kingdom,0,0,0.0010747234
579456,13428.0,United Kingdom,0,0,0.0002057269
570405,13429.0,United Kingdom,0,0,0.004393677
572211,13429.0,United Kingdom,0,0,0.0031343515
579261,13429.0,United Kingdom,0,0,0.0005314061
577598,13430.0,United Kingdom,0,0,0.001850692
569333,13431.0,United Kingdom,0,0,0.00090430246
572899,13435.0,United Kingdom,0,0,0.0010452649
576604,13435.0,United Kingdom,0,0,0.00017998819
580518,13435.0,United Kingdom,0,0,0.00054125086
C580522,13435.0,United Kingdom,1,0,0.43532887
581233,13436.0,United Kingdom,0,0,0.0035182876
575089,13437.0,United Kingdom,0,0,0.00032860402
576598,13437.0,United Kingdom,0,0,0.011630861
578822,13437.0,United Kingdom,0,0,0.0074407267
574342,13447.0,United Kingdom,0,0,0.0011877804
574661,13447.0,United Kingdom,0,0,0.0039122826
C576241,13447.0,United Kingdom,1,1,0.9573936
576783,13447.0,United Kingdom,0,0,0.002450672
578243,13448.0,United Kingdom,0,0,0.00046607395
576628,13449.0,United Kingdom,0,0,0.00080573495
575951,13450.0,United Kingdom,0,0,0.00054174714
576070,13451.0,United Kingdom,0,0,9.207498e-05
576412,13455.0,United Kingdom,0,0,0.0005504505
570190,13456.0,United Kingdom,0,0,0.0006440676
577170,13456.0,United Kingdom,0,0,0.013195592
577818,13456.0,United Kingdom,0,0,0.12641211
569630,13458.0,United Kingdom,0,0,0.0010707006
572933,13458.0,United Kingdom,0,0,0.0014981905
576834,13458.0,United Kingdom,0,0,0.001335191
C577799,13458.0,United Kingdom,1,1,0.8933667
580317,13458.0,United Kingdom,0,0,0.0031645496
572130,13460.0,United Kingdom,0,0,0.013154012
575708,13460.0,United Kingdom,0,0,0.07926061
573746,13461.0,United Kingdom,0,0,0.002416059
570856,13464.0,United Kingdom,0,0,0.00019073005
574310,13467.0,United Kingdom,0,0,0.00013001161
579274,13467.0,United Kingdom,0,0,0.0038401172
569561,13468.0,United Kingdom,0,0,0.17055473
570840,13468.0,United Kingdom,0,0,0.122087374
573776,13468.0,United Kingdom,0,0,0.124571666
575674,13468.0,United Kingdom,0,0,0.061440233
577793,13468.0,United Kingdom,0,0,0.0031808564
C579893,13468.0,United Kingdom,1,1,0.92800057
580208,13468.0,United Kingdom,0,0,0.0063097826
581236,13468.0,United Kingdom,0,0,0.040049393
572294,13471.0,United Kingdom,0,0,0.00021411525
577156,13471.0,United Kingdom,0,0,0.00047521063
580399,13471.0,United Kingdom,0,0,0.0003418822
581430,13471.0,United Kingdom,0,0,0.019607782
570282,13473.0,United Kingdom,0,0,0.002552211
570883,13477.0,United Kingdom,0,0,0.00077752414
574018,13477.0,United Kingdom,0,0,0.016681215
572562,13481.0,United Kingdom,0,0,0.0014613331
569631,13483.0,United Kingdom,0,0,0.0084116645
571007,13487.0,United Kingdom,0,0,0.00046077895
573076,13488.0,United Kingdom,0,0,0.0024983732
578044,13488.0,United Kingdom,0,0,0.00053613354
571725,13491.0,United Kingdom,0,0,0.0013341963
574349,13495.0,United Kingdom,0,0,0.00049319887
580166,13495.0,United Kingdom,0,0,0.0024600693
579287,13496.0,United Kingdom,0,0,0.004257962
C569950,13499.0,United Kingdom,1,1,0.97096133
575676,13499.0,United Kingdom,0,0,0.0018708986
577857,13499.0,United Kingdom,0,0,0.008598475
574314,13500.0,United Kingdom,0,0,0.0021820602
C575752,13500.0,United Kingdom,1,1,0.5441687
576846,13500.0,United Kingdom,0,0,0.0017138165
578129,13502.0,United Kingdom,0,0,0.031126512
569838,13504.0,United Kingdom,0,0,0.0026276894
C569318,13505.0,Switzerland,1,1,0.9898588
580907,13507.0,United Kingdom,0,0,0.00028620637
571636,13509.0,United Kingdom,0,0,0.005538289
579937,13509.0,United Kingdom,0,0,0.026309446
572681,13510.0,United Kingdom,0,0,0.0003651
581403,13510.0,United Kingdom,0,0,0.0004966882
577310,13516.0,United Kingdom,0,0,0.0013070643
570594,13517.0,United Kingdom,0,0,0.0007102425
C572102,13519.0,United Kingdom,1,1,0.97454756
570714,13520.0,Switzerland,0,0,0.0009112839
579472,13521.0,United Kingdom,0,0,0.00019035814
580520,13521.0,United Kingdom,0,0,9.25912e-05
581405,13521.0,United Kingdom,0,0,0.00013795712
575370,13522.0,United Kingdom,0,0,0.004499422
572336,13523.0,United Kingdom,0,0,0.001625121
574732,13523.0,United Kingdom,0,0,0.00010777399
573351,13524.0,United Kingdom,0,0,0.0026218062
578785,13525.0,United Kingdom,0,0,0.0007349877
574663,13527.0,United Kingdom,0,0,0.00046418005
574672,13532.0,United Kingdom,0,0,0.00041502385
571322,13534.0,United Kingdom,0,0,0.001047957
571323,13534.0,United Kingdom,0,0,0.0412285
C572469,13534.0,United Kingdom,1,1,0.9565263
C574505,13534.0,United Kingdom,1,1,0.8906176
574756,13534.0,United Kingdom,0,0,0.006383147
581167,13534.0,United Kingdom,0,0,0.00033331403
571549,13536.0,United Kingdom,0,0,0.0016572414
575975,13536.0,United Kingdom,0,0,0.00017652266
577484,13536.0,United Kingdom,0,0,0.00088948186
579750,13536.0,United Kingdom,0,0,0.0018338218
580402,13536.0,United Kingdom,0,0,0.0011188756
581442,13536.0,United Kingdom,0,0,0.009795395
573128,13538.0,United Kingdom,0,0,0.0048288302
573492,13544.0,United Kingdom,0,0,0.00070356164
571476,13546.0,United Kingdom,0,0,0.016391613
578953,13546.0,United Kingdom,0,0,0.00055787293
569905,13549.0,United Kingdom,0,0,0.020341411
576096,13549.0,United Kingdom,0,0,0.035784848
569532,13552.0,United Kingdom,0,0,0.0026980015
575903,13557.0,United Kingdom,0,0,0.0010427451
569219,13558.0,United Kingdom,0,0,0.00026056924
570211,13558.0,United Kingdom,0,0,0.0011138567
576687,13558.0,United Kingdom,0,0,0.0006492368
580397,13558.0,United Kingdom,0,0,0.00063601445
580278,13560.0,United Kingdom,0,0,0.00045391746
577542,13565.0,United Kingdom,0,0,0.0014922261
573343,13566.0,United Kingdom,0,0,0.00020964068
578017,13569.0,United Kingdom,0,0,0.0002632077
569215,13571.0,United Kingdom,0,0,0.0010427296
572858,13571.0,United Kingdom,0,0,0.00075196533
573889,13571.0,United Kingdom,0,0,0.0056141927
575969,13571.0,United Kingdom,0,0,0.0023701119
578850,13571.0,United Kingdom,0,0,0.004274866
572090,13573.0,United Kingdom,0,0,0.0011640908
570790,13575.0,United Kingdom,0,0,0.027277293
576769,13575.0,United Kingdom,0,0,0.015458341
571848,13576.0,United Kingdom,0,0,0.016623776
575659,13576.0,United Kingdom,0,0,0.0035412598
578174,13576.0,United Kingdom,0,0,0.047123384
579495,13576.0,United Kingdom,0,0,0.0061543216
576328,13577.0,United Kingdom,0,0,0.00040591226
578681,13579.0,United Kingdom,0,0,0.00018293105
570114,13587.0,United Kingdom,0,0,0.00118294
C573084,13587.0,United Kingdom,1,0,0.22156058
C575004,13587.0,United Kingdom,1,0,0.07725417
572182,13588.0,United Kingdom,0,0,0.0011855831
575312,13588.0,United Kingdom,0,0,0.03665573
C575746,13588.0,United Kingdom,1,1,0.68487227
575878,13588.0,United Kingdom,0,0,0.036042303
C575879,13588.0,United Kingdom,1,0,0.038832653
578364,13588.0,United Kingdom,0,0,0.015325757
578787,13589.0,United Kingdom,0,0,0.00032325645
571840,13590.0,United Kingdom,0,0,0.0005630581
579138,13590.0,United Kingdom,0,0,0.0002911643
569827,13591.0,United Kingdom,0,0,0.00069159654
574335,13592.0,United Kingdom,0,0,0.13535164
571566,13594.0,United Kingdom,0,0,0.000793483
578921,13596.0,United Kingdom,0,0,0.00015697053
580404,13596.0,United Kingdom,0,0,0.006421211
572296,13598.0,United Kingdom,0,0,0.00055916014
C572299,13598.0,United Kingdom,1,1,0.781373
574096,13599.0,United Kingdom,0,0,0.0004318764
574882,13599.0,United Kingdom,0,0,0.0004280513
C575580,13599.0,United Kingdom,1,1,0.97597116
576842,13599.0,United Kingdom,0,0,0.011666078
577132,13599.0,United Kingdom,0,0,0.17866948
578071,13599.0,United Kingdom,0,0,0.01754572
579262,13599.0,United Kingdom,0,0,0.06378643
579263,13599.0,United Kingdom,0,0,0.17258036
579264,13599.0,United Kingdom,0,0,0.059673905
579265,13599.0,United Kingdom,0,0,0.04546766
580049,13599.0,United Kingdom,0,0,0.005578904
581434,13599.0,United Kingdom,0,0,0.04835727
C581468,13599.0,United Kingdom,1,0,0.071450956
572755,13601.0,United Kingdom,0,0,0.00017651459
569799,13602.0,United Kingdom,0,0,0.0010068758
576069,13603.0,United Kingdom,0,0,0.00023134891
575712,13606.0,United Kingdom,0,0,0.20609315
573415,13607.0,United Kingdom,0,0,7.09022e-05
C571287,13610.0,United Kingdom,1,1,0.7469038
571291,13610.0,United Kingdom,0,0,0.0014738911
578992,13610.0,United Kingdom,0,0,0.00042410844
576592,13614.0,United Kingdom,0,0,0.00018913097
573376,13617.0,United Kingdom,0,0,0.0064044464
C575257,13623.0,United Kingdom,1,1,0.68650323
575258,13623.0,United Kingdom,0,0,0.091321185
570663,13627.0,United Kingdom,0,0,0.0029733428
570018,13629.0,United Kingdom,0,0,0.008479356
575201,13629.0,United Kingdom,0,0,0.006816061
576775,13629.0,United Kingdom,0,0,0.042969454
580525,13630.0,United Kingdom,0,0,0.0022342668
573155,13632.0,United Kingdom,0,0,0.0001801434
576400,13632.0,United Kingdom,0,0,0.0021564541
574696,13634.0,United Kingdom,0,0,0.0017848
569253,13635.0,United Kingdom,0,0,0.00031116445
574103,13636.0,United Kingdom,0,0,0.0002953815
571677,13637.0,United Kingdom,0,0,0.0049191555
578361,13638.0,United Kingdom,0,0,0.013401125
575143,13643.0,United Kingdom,0,0,0.0059517208
572810,13644.0,United Kingdom,0,0,0.00063390733
578290,13644.0,United Kingdom,0,0,0.0015172514
C579891,13644.0,United Kingdom,1,1,0.9499877
C569902,13647.0,United Kingdom,1,1,0.99100024
579600,13647.0,United Kingdom,0,0,0.00057371124
569412,13650.0,United Kingdom,0,0,0.0016143881
569413,13650.0,United Kingdom,0,0,0.14661644
578234,13650.0,United Kingdom,0,0,0.004972082
573507,13651.0,United Kingdom,0,0,0.01462673
574546,13651.0,United Kingdom,0,0,0.33687437
572561,13652.0,United Kingdom,0,0,0.0004782157
573123,13654.0,United Kingdom,0,0,0.00019231495
573124,13654.0,United Kingdom,0,0,0.024043849
579407,13657.0,United Kingdom,0,0,0.0013545036
579540,13658.0,United Kingdom,0,0,0.00020298909
579542,13658.0,United Kingdom,0,0,0.02678106
570457,13666.0,United Kingdom,0,1,0.6110982
571069,13668.0,United Kingdom,0,0,0.0038117156
575066,13668.0,United Kingdom,0,0,0.003882934
C576968,13668.0,United Kingdom,1,0,0.1582744
577022,13668.0,United Kingdom,0,0,0.0010547703
579413,13668.0,United Kingdom,0,0,0.00086296664
581104,13668.0,United Kingdom,0,0,0.0031671696
C581106,13668.0,United Kingdom,1,0,0.45651707
571938,13669.0,United Kingdom,0,0,0.012185359
574909,13673.0,United Kingdom,0,0,0.00062711665
577701,13673.0,United Kingdom,0,0,0.002799787
573548,13680.0,United Kingdom,0,0,0.00010938793
581404,13680.0,United Kingdom,0,0,0.00056233513
569210,13681.0,United Kingdom,0,0,0.00032253028
576060,13681.0,United Kingdom,0,0,0.00054441974
577853,13681.0,United Kingdom,0,0,0.036422953
570408,13685.0,United Kingdom,0,0,0.0038390518
571309,13685.0,United Kingdom,0,0,0.09437422
572670,13685.0,United Kingdom,0,0,0.05271277
580668,13685.0,United Kingdom,0,1,0.7891285
580820,13685.0,United Kingdom,0,0,0.2694712
580916,13685.0,United Kingdom,0,0,0.007148994
581097,13685.0,United Kingdom,0,0,0.15753773
570128,13689.0,United Kingdom,0,0,0.0014321199
570675,13690.0,United Kingdom,0,0,0.0065759486
576406,13692.0,United Kingdom,0,0,0.00028582598
C570279,13694.0,United Kingdom,1,1,0.7493576
572734,13694.0,United Kingdom,0,0,0.00072262634
572888,13694.0,United Kingdom,0,0,0.048233476
573263,13694.0,United Kingdom,0,0,0.007891331
576179,13694.0,United Kingdom,0,0,0.0027721596
576180,13694.0,United Kingdom,0,0,0.020322753
C576218,13694.0,United Kingdom,1,1,0.873181
580742,13694.0,United Kingdom,0,0,0.008384222
580744,13694.0,United Kingdom,0,0,0.038116515
580745,13694.0,United Kingdom,0,0,0.21792269
570100,13695.0,United Kingdom,0,0,0.013921892
575127,13695.0,United Kingdom,0,0,0.00085102336
573747,13697.0,United Kingdom,0,0,0.0050788946
571675,13700.0,United Kingdom,0,0,0.0033015185
575971,13700.0,United Kingdom,0,0,0.0053789984
C569961,13704.0,United Kingdom,1,1,0.9720657
570807,13704.0,United Kingdom,0,0,0.004208638
572333,13704.0,United Kingdom,0,0,0.0064122705
577059,13704.0,United Kingdom,0,0,0.018634193
580524,13704.0,United Kingdom,0,0,0.002161426
580259,13705.0,United Kingdom,0,0,0.0072177514
569687,13709.0,United Kingdom,0,0,0.0021168373
569689,13709.0,United Kingdom,0,0,0.080833554
572240,13709.0,United Kingdom,0,0,0.00075541966
574149,13709.0,United Kingdom,0,0,0.00067570666
574150,13709.0,United Kingdom,0,0,0.033083912
574154,13709.0,United Kingdom,0,0,0.0145463
C575155,13709.0,United Kingdom,1,1,0.96147764
580757,13709.0,United Kingdom,0,0,0.0008303159
580758,13709.0,United Kingdom,0,0,0.15567139
574944,13710.0,United Kingdom,0,0,0.005616962
571230,13717.0,United Kingdom,0,0,0.0013342185
574887,13717.0,United Kingdom,0,0,0.0038216072
571080,13719.0,United Kingdom,0,0,0.00046290155
574728,13719.0,United Kingdom,0,0,0.0011442254
578621,13719.0,United Kingdom,0,0,0.013218312
574262,13721.0,United Kingdom,0,0,0.0003040771
572132,13725.0,United Kingdom,0,0,0.0035483052
573777,13726.0,United Kingdom,0,0,0.0009691409
574669,13727.0,United Kingdom,0,0,0.00062262145
575741,13727.0,United Kingdom,0,0,0.054919977
574107,13728.0,United Kingdom,0,0,0.0016329988
575905,13732.0,United Kingdom,0,0,0.00028190287
C573010,13735.0,United Kingdom,1,0,0.06477439
573083,13735.0,United Kingdom,0,0,0.00039360393
C576393,13735.0,United Kingdom,1,1,0.98032767
576405,13735.0,United Kingdom,0,0,0.006073891
580527,13736.0,United Kingdom,0,0,7.138143e-05
577738,13739.0,United Kingdom,0,0,0.011742536
578146,13742.0,United Kingdom,0,0,0.00065678207
581018,13743.0,United Kingdom,0,0,0.00802369
571407,13750.0,United Kingdom,0,0,0.0008004588
570197,13755.0,United Kingdom,0,0,5.3394393e-05
571944,13755.0,United Kingdom,0,0,0.0033758567
572210,13755.0,United Kingdom,0,0,0.02330195
573896,13755.0,United Kingdom,0,0,0.024255797
C576197,13755.0,United Kingdom,1,1,0.71515936
576236,13755.0,United Kingdom,0,0,0.0007476382
577742,13755.0,United Kingdom,0,0,0.00046145296
577757,13755.0,United Kingdom,0,0,0.2825668
579679,13755.0,United Kingdom,0,0,0.00343044
580887,13755.0,United Kingdom,0,0,0.0030589667
570271,13756.0,United Kingdom,0,0,0.004541608
574348,13756.0,United Kingdom,0,0,0.00083880627
576912,13756.0,United Kingdom,0,0,0.0072870837
576913,13756.0,United Kingdom,0,0,0.043057878
C577753,13756.0,United Kingdom,1,0,0.44817883
581186,13756.0,United Kingdom,0,0,0.0085759405
581187,13756.0,United Kingdom,0,0,0.00831603
573762,13758.0,United Kingdom,0,0,0.0006860103
579097,13758.0,United Kingdom,0,0,0.0043965485
574724,13759.0,United Kingdom,0,0,0.09659353
571296,13760.0,United Kingdom,0,0,0.010691296
572076,13761.0,United Kingdom,0,0,0.0002857426
570188,13763.0,United Kingdom,0,0,0.0009977781
C569980,13767.0,United Kingdom,1,1,0.90714055
570257,13767.0,United Kingdom,0,0,0.01209528
C575662,13767.0,United Kingdom,1,1,0.51298386
575703,13767.0,United Kingdom,0,0,0.01266052
576202,13767.0,United Kingdom,0,0,0.0053159683
581170,13767.0,United Kingdom,0,0,0.0008547014
574048,13769.0,United Kingdom,0,0,0.0006977737
C575663,13769.0,United Kingdom,1,1,0.9782965
581174,13769.0,United Kingdom,0,0,0.0048986417
569852,13771.0,United Kingdom,0,0,0.0014211248
569853,13771.0,United Kingdom,0,0,0.008322848
574657,13772.0,United Kingdom,0,0,0.00025507013
C569916,13777.0,United Kingdom,1,1,0.93367004
570886,13777.0,United Kingdom,0,0,0.005224753
576374,13777.0,United Kingdom,0,0,0.0015423886
576386,13777.0,United Kingdom,0,0,0.12645344
C577821,13777.0,United Kingdom,1,1,0.9652314
C579752,13777.0,United Kingdom,1,1,0.9763959
579986,13777.0,United Kingdom,0,0,0.007546445
581583,13777.0,United Kingdom,0,0,0.18702722
581584,13777.0,United Kingdom,0,0,0.061359648
580296,13780.0,United Kingdom,0,0,0.001766342
569213,13782.0,United Kingdom,0,0,0.0035971797
572289,13782.0,United Kingdom,0,0,0.0020617838
578914,13782.0,United Kingdom,0,0,0.002752704
570961,13784.0,United Kingdom,0,0,0.009059369
579534,13784.0,United Kingdom,0,0,0.14584905
580691,13790.0,United Kingdom,0,0,0.00085627707
C573092,13791.0,United Kingdom,1,0,0.0055300146
569519,13792.0,United Kingdom,0,0,0.001694312
569706,13798.0,United Kingdom,0,0,0.24422236
C570099,13798.0,United Kingdom,1,0,0.00799905
570115,13798.0,United Kingdom,0,0,0.042625878
571299,13798.0,United Kingdom,0,0,0.042392492
573168,13798.0,United Kingdom,0,0,0.0048948196
574485,13798.0,United Kingdom,0,0,0.021612998
575178,13798.0,United Kingdom,0,0,0.05178924
575982,13798.0,United Kingdom,0,0,0.00376936
577973,13798.0,United Kingdom,0,0,0.016036693
579126,13798.0,United Kingdom,0,0,0.016119994
580258,13798.0,United Kingdom,0,0,0.0044757426
581139,13798.0,United Kingdom,0,0,0.004899425
581432,13798.0,United Kingdom,0,0,0.017366687
569416,13801.0,United Kingdom,0,0,0.00074494706
575300,13804.0,United Kingdom,0,0,0.002361872
575301,13804.0,United Kingdom,0,0,0.10168841
571698,13805.0,United Kingdom,0,0,0.0031676528
570090,13806.0,United Kingdom,0,0,0.0038402139
569632,13808.0,United Kingdom,0,0,0.0018170427
572454,13808.0,United Kingdom,0,0,0.008969761
580441,13808.0,United Kingdom,0,0,0.0010083873
571215,13810.0,Germany,0,0,0.00023609168
C571220,13810.0,Germany,1,1,0.5202854
571223,13810.0,Germany,0,1,0.5202854
575733,13810.0,Germany,0,0,0.0045823758
569860,13812.0,Germany,0,0,0.00066645263
573284,13812.0,Germany,0,0,0.0019959414
573430,13813.0,Germany,0,0,0.0020100656
C571251,13814.0,Germany,1,1,0.8536772
576787,13815.0,Germany,0,0,0.0015136271
577054,13815.0,Germany,0,0,0.05499576
569861,13816.0,Germany,0,0,0.00039334642
C570963,13816.0,Germany,1,1,0.99463993
C576229,13816.0,Germany,1,1,0.9845068
576630,13816.0,Germany,0,0,0.012993004
575713,13817.0,Germany,0,0,0.001953139
573405,13822.0,United Kingdom,0,0,5.6319128e-05
580431,13822.0,United Kingdom,0,0,0.002953635
577616,13823.0,United Kingdom,0,0,0.0005995253
574868,13824.0,United Kingdom,0,0,0.0016595774
571032,13827.0,United Kingdom,0,0,0.00027560265
577090,13828.0,United Kingdom,0,0,0.0013422698
578304,13831.0,United Kingdom,0,0,0.0015821839
577556,13832.0,United Kingdom,0,0,0.021478046
C578003,13832.0,United Kingdom,1,1,0.928261
571657,13835.0,United Kingdom,0,0,0.0019845709
576346,13835.0,United Kingdom,0,0,0.009089223
580396,13838.0,United Kingdom,0,0,0.00015146293
570721,13842.0,United Kingdom,0,0,0.0042387387
579149,13844.0,United Kingdom,0,0,0.00077996793
569717,13845.0,United Kingdom,0,0,0.0018100025
576511,13846.0,United Kingdom,0,0,0.00080286205
571747,13849.0,United Kingdom,0,0,0.00014432715
571058,13853.0,United Kingdom,0,0,0.002511343
C579889,13853.0,United Kingdom,1,1,0.5502346
569654,13854.0,United Kingdom,0,0,0.0045837206
574045,13854.0,United Kingdom,0,0,0.007114487
576613,13854.0,United Kingdom,0,0,0.006340712
579922,13854.0,United Kingdom,0,0,0.014574399
571107,13858.0,United Kingdom,0,0,0.0025591955
571691,13860.0,United Kingdom,0,0,0.00468196
571692,13860.0,United Kingdom,0,1,0.5413305
578815,13860.0,United Kingdom,0,0,0.0013989593
581382,13860.0,United Kingdom,0,0,0.0013815463
577784,13862.0,United Kingdom,0,0,0.030808557
570834,13865.0,United Kingdom,0,0,0.004579082
575148,13867.0,United Kingdom,0,0,0.0013015406
573874,13868.0,United Kingdom,0,0,0.00019848469
580363,13868.0,United Kingdom,0,0,0.027538776
573411,13870.0,United Kingdom,0,0,0.0006157051
573412,13870.0,United Kingdom,0,0,0.2832126
C574030,13870.0,United Kingdom,1,1,0.9417817
581140,13870.0,United Kingdom,0,0,0.012631388
571405,13871.0,United Kingdom,0,0,0.42563307
571406,13871.0,United Kingdom,0,0,0.18008527
572719,13871.0,United Kingdom,0,0,0.0004418542
576920,13871.0,United Kingdom,0,0,0.0015543434
571303,13875.0,United Kingdom,0,0,0.0002064896
570023,13876.0,United Kingdom,0,0,0.014443385
571272,13878.0,United Kingdom,0,0,0.0010695613
571672,13880.0,United Kingdom,0,0,0.001496089
577320,13880.0,United Kingdom,0,0,0.00031611486
569408,13881.0,United Kingdom,0,0,0.0035233065
571431,13881.0,United Kingdom,0,0,0.012566433
573775,13881.0,United Kingdom,0,0,0.0075717717
C575777,13881.0,United Kingdom,1,0,0.14303136
576354,13881.0,United Kingdom,0,0,0.094433874
577805,13881.0,United Kingdom,0,0,0.025385996
579180,13881.0,United Kingdom,0,0,0.011019675
579181,13881.0,United Kingdom,0,0,0.3255372
580902,13881.0,United Kingdom,0,0,0.015924038
569887,13882.0,United Kingdom,0,0,0.0007603354
573023,13882.0,United Kingdom,0,0,0.0016569754
C573767,13882.0,United Kingdom,1,1,0.76718944
575356,13882.0,United Kingdom,0,1,0.80401987
579143,13882.0,United Kingdom,0,0,0.006677253
581064,13882.0,United Kingdom,0,0,0.0023629216
579283,13883.0,United Kingdom,0,0,0.0002596655
C581466,13883.0,United Kingdom,1,1,0.92712986
580362,13884.0,United Kingdom,0,0,0.0010516364
571935,13890.0,United Kingdom,0,0,0.016590144
C572995,13890.0,United Kingdom,1,1,0.97449976
573927,13890.0,United Kingdom,0,0,0.001610803
C574443,13890.0,United Kingdom,1,1,0.9335084
574842,13890.0,United Kingdom,0,0,0.038127728
576638,13890.0,United Kingdom,0,0,0.015889337
577065,13890.0,United Kingdom,0,0,0.013643322
C577688,13890.0,United Kingdom,1,1,0.9587512
580028,13890.0,United Kingdom,0,0,0.031346604
581424,13890.0,United Kingdom,0,0,0.048071127
581427,13890.0,United Kingdom,0,0,0.0025408922
569903,13892.0,United Kingdom,0,0,0.0032876327
571550,13892.0,United Kingdom,0,0,0.02229743
575946,13892.0,United Kingdom,0,0,0.29243898
576639,13894.0,United Kingdom,0,0,0.0015062949
576640,13894.0,United Kingdom,0,0,0.16861063
C577042,13894.0,United Kingdom,1,1,0.87987643
569460,13895.0,United Kingdom,0,0,0.00023360201
575917,13895.0,United Kingdom,0,0,0.0013341074
C577399,13895.0,United Kingdom,1,1,0.9510872
572086,13897.0,United Kingdom,0,0,0.00055639877
578271,13899.0,United Kingdom,0,0,0.010645317
574050,13904.0,United Kingdom,0,0,0.013108668
571099,13911.0,United Kingdom,0,0,0.007017163
574302,13914.0,United Kingdom,0,0,0.0017748238
579087,13914.0,United Kingdom,0,0,0.0031546734
C580768,13914.0,United Kingdom,1,1,0.97855395
572131,13917.0,United Kingdom,0,0,0.023946883
572212,13918.0,United Kingdom,0,0,0.000102118276
570666,13919.0,Denmark,0,0,0.0023057032
C571507,13919.0,Denmark,1,1,0.8486637
571413,13923.0,United Kingdom,0,0,0.0015069204
C569891,13924.0,United Kingdom,1,1,0.66983956
572884,13924.0,United Kingdom,0,0,0.009214323
C574753,13924.0,United Kingdom,1,1,0.74877244
574952,13924.0,United Kingdom,0,0,0.01261489
C575065,13924.0,United Kingdom,1,0,0.40430903
576849,13924.0,United Kingdom,0,1,0.9646085
C576850,13924.0,United Kingdom,1,0,0.13213173
577861,13924.0,United Kingdom,0,0,0.005819863
C579554,13924.0,United Kingdom,1,1,0.98624194
581220,13924.0,United Kingdom,0,0,0.0010326486
C574248,13925.0,United Kingdom,1,1,0.9257251
576770,13926.0,United Kingdom,0,0,0.006818463
575135,13928.0,United Kingdom,0,0,0.007980554
579280,13928.0,United Kingdom,0,0,0.052248694
570882,13930.0,United Kingdom,0,0,0.0028155097
574537,13938.0,United Kingdom,0,0,0.006011597
576781,13939.0,United Kingdom,0,0,0.0013637831
569899,13940.0,United Kingdom,0,0,0.0074142986
578059,13940.0,United Kingdom,0,0,0.021063302
577148,13941.0,United Kingdom,0,0,0.008121324
569684,13947.0,United Kingdom,0,0,0.011872852
569590,13949.0,United Kingdom,0,0,0.002115791
573399,13949.0,United Kingdom,0,0,0.001011314
576447,13949.0,United Kingdom,0,0,0.0022567895
581015,13949.0,United Kingdom,0,0,0.0012328441
576514,13950.0,United Kingdom,0,0,0.003974108
C576515,13950.0,United Kingdom,1,0,0.18157731
579176,13950.0,United Kingdom,0,0,0.005620732
571610,13953.0,United Kingdom,0,0,0.014108201
580355,13953.0,United Kingdom,0,0,0.0021301706
C570889,13954.0,United Kingdom,1,1,0.63076246
581379,13954.0,United Kingdom,0,0,0.017767528
571293,13956.0,United Kingdom,0,0,0.00088958786
580503,13956.0,United Kingdom,0,0,0.00025178862
577347,13960.0,United Kingdom,0,0,0.012493847
577133,13962.0,United Kingdom,0,0,0.016624806
570680,13969.0,United Kingdom,0,0,0.0001172524
C573105,13969.0,United Kingdom,1,1,0.9275745
573130,13969.0,United Kingdom,0,0,0.0029127502
573910,13969.0,United Kingdom,0,0,0.025238238
577071,13969.0,United Kingdom,0,0,0.00035403448
578104,13969.0,United Kingdom,0,0,0.0021867268
580092,13969.0,United Kingdom,0,0,0.0003807362
C580312,13969.0,United Kingdom,1,0,0.017998962
580314,13969.0,United Kingdom,0,0,0.011158615
570517,13971.0,United Kingdom,0,0,0.0004898457
577699,13971.0,United Kingdom,0,0,0.0008864537
C579896,13971.0,United Kingdom,1,1,0.95280653
572231,13974.0,United Kingdom,0,0,0.00032638817
575073,13975.0,United Kingdom,0,0,8.1704784e-05
575075,13975.0,United Kingdom,0,0,0.029051485
572720,13978.0,United Kingdom,0,0,0.0015769048
578745,13978.0,United Kingdom,0,1,0.7994412
570421,13980.0,United Kingdom,0,0,0.0037295315
573665,13982.0,United Kingdom,0,0,0.004954089
C569959,13983.0,United Kingdom,1,1,0.841933
570846,13983.0,United Kingdom,0,1,0.8462306
573504,13983.0,United Kingdom,0,0,0.003432002
575525,13983.0,United Kingdom,0,0,0.14316016
575966,13984.0,United Kingdom,0,0,0.005490295
570776,13985.0,United Kingdom,0,0,0.0006699398
573276,13985.0,United Kingdom,0,0,0.0017008552
574920,13985.0,United Kingdom,0,0,0.0878643
577142,13985.0,United Kingdom,0,0,0.004307757
578079,13985.0,United Kingdom,0,0,0.023495741
578696,13985.0,United Kingdom,0,0,0.0022242735
580722,13985.0,United Kingdom,0,0,0.17389679
578055,13986.0,United Kingdom,0,0,0.00047541133
C569978,13988.0,United Kingdom,1,1,0.8041423
572946,13988.0,United Kingdom,0,0,0.0044840937
C575653,13988.0,United Kingdom,1,1,0.9410789
577403,13988.0,United Kingdom,0,0,0.00016134274
569564,13989.0,United Kingdom,0,0,0.00030552395
571673,13991.0,United Kingdom,0,0,0.00592341
C573086,13991.0,United Kingdom,1,1,0.9627089
578246,13991.0,United Kingdom,0,0,0.02256338
578996,13991.0,United Kingdom,0,0,0.0035512971
579000,13991.0,United Kingdom,0,0,0.24822561
575387,13992.0,United Kingdom,0,0,0.0057708
569962,13993.0,United Kingdom,0,0,0.002955565
573164,13993.0,United Kingdom,0,0,0.010762152
C574872,13993.0,United Kingdom,1,1,0.94808996
569367,13994.0,United Kingdom,0,0,0.0005137772
573481,13994.0,United Kingdom,0,0,0.0013348801
580774,13994.0,United Kingdom,0,0,0.013109649
571213,13995.0,United Kingdom,0,0,0.0003657955
578526,13995.0,United Kingdom,0,0,0.0012987816
569731,13999.0,United Kingdom,0,0,0.003031022
575838,13999.0,United Kingdom,0,0,0.00074984645
579444,13999.0,United Kingdom,0,0,0.0023429217
572568,14001.0,United Kingdom,0,0,0.00038687044
573096,14004.0,United Kingdom,0,0,0.0008829651
579672,14005.0,United Kingdom,0,0,0.0001326008
571561,14015.0,United Kingdom,0,0,0.0007252821
572329,14019.0,United Kingdom,0,0,0.00048894
578109,14020.0,United Kingdom,0,0,0.00021334556
580299,14023.0,United Kingdom,0,0,0.00017377183
570250,14027.0,United Kingdom,0,0,0.005970247
570184,14029.0,United Kingdom,0,0,0.0015006285
577794,14030.0,United Kingdom,0,0,0.00039844587
569385,14031.0,United Kingdom,0,0,0.2527762
C569387,14031.0,United Kingdom,1,0,0.13856652
569388,14031.0,United Kingdom,0,0,0.13856652
572274,14031.0,United Kingdom,0,0,0.0032947343
577393,14031.0,United Kingdom,0,0,0.0033500683
580375,14031.0,United Kingdom,0,0,0.0052766516
573922,14032.0,United Kingdom,0,0,0.027234688
C575667,14032.0,United Kingdom,1,1,0.980261
576971,14032.0,United Kingdom,0,0,0.0038612173
C578164,14032.0,United Kingdom,1,1,0.9804047
578312,14032.0,United Kingdom,0,0,0.011107207
581177,14032.0,United Kingdom,0,0,0.03723436
577051,14034.0,United Kingdom,0,0,0.00041568332
572311,14035.0,United Kingdom,0,0,0.0010075149
575744,14035.0,United Kingdom,0,0,0.0019373778
574698,14039.0,United Kingdom,0,0,0.006148232
570232,14040.0,United Kingdom,0,0,0.00032507055
573354,14040.0,United Kingdom,0,0,0.011316054
575955,14044.0,United Kingdom,0,0,0.00028286723
580021,14047.0,United Kingdom,0,0,0.0004260078
C578124,14049.0,United Kingdom,1,0,0.027685251
578233,14049.0,United Kingdom,0,0,0.00035401018
574958,14050.0,United Kingdom,0,0,0.0022087418
569227,14051.0,United Kingdom,0,0,0.0008309322
570494,14051.0,United Kingdom,0,0,0.0030650091
572769,14051.0,United Kingdom,0,0,0.011853779
575185,14051.0,United Kingdom,0,0,0.0020293486
578081,14051.0,United Kingdom,0,0,0.00878914
580061,14051.0,United Kingdom,0,0,0.004359761
581495,14051.0,United Kingdom,0,0,0.027668191
577500,14052.0,United Kingdom,0,0,0.00036306013
569698,14054.0,United Kingdom,0,0,0.004227964
569491,14056.0,United Kingdom,0,0,0.00040135818
C571707,14056.0,United Kingdom,1,0,0.16727833
571712,14056.0,United Kingdom,0,0,0.0008258853
574559,14056.0,United Kingdom,0,0,0.00050754123
578510,14056.0,United Kingdom,0,0,0.0007171469
581400,14056.0,United Kingdom,0,0,0.00038355918
569483,14057.0,United Kingdom,0,0,0.00092253345
569484,14057.0,United Kingdom,0,0,0.15967196
576648,14057.0,United Kingdom,0,0,0.00056961033
571200,14060.0,United Kingdom,0,0,0.003039589
577030,14060.0,United Kingdom,0,0,0.0024793774
580634,14060.0,United Kingdom,0,0,0.0026128092
579538,14062.0,United Kingdom,0,0,0.0006494784
C575588,14064.0,United Kingdom,1,1,0.8636098
575623,14064.0,United Kingdom,0,0,0.116586775
570022,14067.0,United Kingdom,0,0,0.0014299231
572298,14071.0,United Kingdom,0,0,0.008397982
573311,14071.0,United Kingdom,0,0,0.00036687535
575059,14071.0,United Kingdom,0,0,0.0011472
577535,14071.0,United Kingdom,0,0,9.020251e-05
580876,14071.0,United Kingdom,0,0,0.00044694653
580889,14071.0,United Kingdom,0,0,0.08020844
574911,14073.0,United Kingdom,0,0,0.0020029226
C577362,14073.0,United Kingdom,1,1,0.65864074
577501,14075.0,United Kingdom,0,0,0.00013176564
580538,14075.0,United Kingdom,0,0,0.0031435816
573352,14077.0,United Kingdom,0,0,0.034194708
574827,14080.0,United Kingdom,0,0,0.08733868
580157,14083.0,United Kingdom,0,0,0.43356645
580647,14083.0,United Kingdom,0,0,0.00030128143
572744,14085.0,United Kingdom,0,0,0.010418318
572745,14085.0,United Kingdom,0,0,0.49256253
579872,14085.0,United Kingdom,0,0,0.009884162
580260,14085.0,United Kingdom,0,0,0.00022238793
580300,14085.0,United Kingdom,0,0,0.12517269
581144,14085.0,United Kingdom,0,0,0.027347676
C581121,14087.0,United Kingdom,1,1,0.9582046
581125,14087.0,United Kingdom,0,0,0.0032116843
571281,14088.0,United Kingdom,0,0,0.000549881
574067,14088.0,United Kingdom,0,0,0.001241467
577328,14088.0,United Kingdom,0,0,0.054750316
578305,14088.0,United Kingdom,0,0,0.0012828215
578674,14088.0,United Kingdom,0,1,0.6056747
579501,14088.0,United Kingdom,0,0,0.0021137542
571178,14089.0,United Kingdom,0,0,0.0012042538
569249,14092.0,United Kingdom,0,0,0.0014169775
C569974,14092.0,United Kingdom,1,1,0.94451064
576684,14092.0,United Kingdom,0,0,0.001187979
580214,14092.0,United Kingdom,0,0,0.3551665
580221,14092.0,United Kingdom,0,0,0.01532213
579002,14093.0,United Kingdom,0,0,0.00010326811
569246,14096.0,United Kingdom,0,0,0.00021843129
C569245,14096.0,United Kingdom,1,1,0.745353
570488,14096.0,United Kingdom,0,0,0.00068492256
C570487,14096.0,United Kingdom,1,1,0.8786725
571441,14096.0,United Kingdom,0,0,0.00048053882
C571440,14096.0,United Kingdom,1,1,0.71926725
572552,14096.0,United Kingdom,0,0,0.0006956944
C572551,14096.0,United Kingdom,1,1,0.87389606
572854,14096.0,United Kingdom,0,0,0.0062316074
573576,14096.0,United Kingdom,0,0,0.0005540343
C573575,14096.0,United Kingdom,1,1,0.76906013
575607,14096.0,United Kingdom,0,0,0.00069917785
C575606,14096.0,United Kingdom,1,1,0.8124037
576339,14096.0,United Kingdom,0,0,0.0007454299
C576338,14096.0,United Kingdom,1,1,0.8421236
578270,14096.0,United Kingdom,0,0,0.0006891408
C578269,14096.0,United Kingdom,1,1,0.82109565
579196,14096.0,United Kingdom,0,0,0.0007219318
C579195,14096.0,United Kingdom,1,1,0.8360064
580727,14096.0,United Kingdom,0,0,0.0023083582
C580726,14096.0,United Kingdom,1,1,0.823942
574100,14098.0,United Kingdom,0,0,0.0032150215
569659,14099.0,United Kingdom,0,0,0.0004699068
573033,14099.0,United Kingdom,0,0,0.006906284
578281,14099.0,United Kingdom,0,0,0.0037138702
572861,14102.0,United Kingdom,0,0,0.0007559878
574051,14102.0,United Kingdom,0,0,0.0066685267
C574057,14102.0,United Kingdom,1,0,0.2390491
C576918,14102.0,United Kingdom,1,1,0.9748455
C576925,14102.0,United Kingdom,1,0,0.48453683
576928,14102.0,United Kingdom,0,0,0.04867605
579027,14102.0,United Kingdom,0,0,0.008813895
580530,14102.0,United Kingdom,0,0,0.025681568
571839,14107.0,United Kingdom,0,0,0.0041224137
575212,14108.0,United Kingdom,0,0,0.0020608157
C576785,14109.0,United Kingdom,1,0,0.036961764
569409,14110.0,United Kingdom,0,0,0.0057557095
573184,14110.0,United Kingdom,0,0,0.0015585391
574175,14110.0,United Kingdom,0,0,0.34155175
577137,14110.0,United Kingdom,0,0,0.01692682
580888,14110.0,United Kingdom,0,0,0.0051406743
578816,14111.0,United Kingdom,0,0,0.0013508655
573406,14112.0,United Kingdom,0,0,0.00029015614
573409,14112.0,United Kingdom,0,0,0.2264651
C574487,14112.0,United Kingdom,1,1,0.7212034
577019,14112.0,United Kingdom,0,0,0.020557938
C572112,14113.0,United Kingdom,1,1,0.8255354
576926,14113.0,United Kingdom,0,0,0.0016211007
580878,14113.0,United Kingdom,0,0,0.0020527372
569847,14116.0,United Kingdom,0,0,0.0018604341
575145,14116.0,United Kingdom,0,0,0.0029173265
577405,14116.0,United Kingdom,0,0,0.0019098859
570516,14121.0,United Kingdom,0,0,0.0023422386
C572538,14121.0,United Kingdom,1,1,0.85046834
575512,14121.0,United Kingdom,0,0,0.0009173987
579446,14121.0,United Kingdom,0,0,0.0006645572
C579928,14121.0,United Kingdom,1,1,0.865884
580880,14121.0,United Kingdom,0,0,0.0016306327
575854,14125.0,United Kingdom,0,0,0.00036043368
579412,14125.0,United Kingdom,0,0,0.0019357566
579404,14126.0,United Kingdom,0,0,0.0011392615
579405,14126.0,United Kingdom,0,0,0.047804262
580175,14126.0,United Kingdom,0,0,0.41497436
C580174,14126.0,United Kingdom,1,0,0.3802199
570293,14128.0,United Kingdom,0,0,0.00042425483
577950,14129.0,United Kingdom,0,0,0.005788915
581252,14129.0,United Kingdom,0,0,0.014622456
570422,14132.0,United Kingdom,0,0,0.00063396257
574475,14132.0,United Kingdom,0,0,0.00060421193
575371,14132.0,United Kingdom,0,0,0.010716528
C577369,14132.0,United Kingdom,1,1,0.90536404
578697,14132.0,United Kingdom,0,0,0.0039882227
581141,14132.0,United Kingdom,0,0,0.0008127015
574715,14135.0,United Kingdom,0,0,0.0015075922
574917,14135.0,United Kingdom,0,0,0.051844362
580095,14135.0,United Kingdom,0,0,0.0044752136
581291,14135.0,United Kingdom,0,0,0.040541593
570009,14138.0,United Kingdom,0,0,0.00024446766
581377,14138.0,United Kingdom,0,0,0.000820412
572472,14139.0,United Kingdom,0,0,0.00038581912
575007,14140.0,United Kingdom,0,0,0.0001882912
C577364,14140.0,United Kingdom,1,1,0.9187629
580737,14140.0,United Kingdom,0,0,0.0004948258
C569945,14141.0,United Kingdom,1,1,0.98083216
570602,14141.0,United Kingdom,0,0,0.08278708
581016,14141.0,United Kingdom,0,0,0.0026300563
572443,14145.0,United Kingdom,0,0,0.0016447251
579938,14146.0,United Kingdom,0,0,0.00028679008
C572223,14147.0,United Kingdom,1,1,0.63936335
574338,14150.0,United Kingdom,0,0,0.00030757618
570253,14156.0,EIRE,0,0,0.43932745
570700,14156.0,EIRE,0,0,0.0032008353
571129,14156.0,EIRE,0,0,0.004049154
571313,14156.0,EIRE,0,0,0.036413673
571314,14156.0,EIRE,0,0,0.015720256
571562,14156.0,EIRE,0,0,0.04558838
572124,14156.0,EIRE,0,0,0.019460477
C572486,14156.0,EIRE,1,1,0.87089086
C574496,14156.0,EIRE,1,1,0.9931907
C574527,14156.0,EIRE,1,0,0.17141539
574841,14156.0,EIRE,0,0,0.10785312
C575174,14156.0,EIRE,1,1,0.9072253
575735,14156.0,EIRE,0,0,0.0011069598
576602,14156.0,EIRE,0,0,0.0052488083
576653,14156.0,EIRE,0,0,0.08333719
C577384,14156.0,EIRE,1,1,0.64023066
C578136,14156.0,EIRE,1,1,0.99671614
579553,14156.0,EIRE,0,0,0.0058088596
577477,14157.0,United Kingdom,0,0,0.0022567722
573393,14158.0,United Kingdom,0,0,0.00028972133
571679,14159.0,United Kingdom,0,0,0.003940635
573340,14159.0,United Kingdom,0,0,0.00016020985
577504,14159.0,United Kingdom,0,0,0.0004729516
573583,14167.0,United Kingdom,0,0,0.00104329
572674,14173.0,United Kingdom,0,0,0.0055595706
579364,14173.0,United Kingdom,0,0,0.0081885215
579365,14173.0,United Kingdom,0,1,0.5481526
574691,14174.0,United Kingdom,0,0,0.0012613913
570598,14175.0,United Kingdom,0,0,9.6657255e-05
C571860,14175.0,United Kingdom,1,1,0.9056549
569474,14178.0,United Kingdom,0,0,0.0006321293
573359,14178.0,United Kingdom,0,0,0.0012221618
575848,14178.0,United Kingdom,0,0,0.00021617231
580027,14178.0,United Kingdom,0,0,0.00034204617
571682,14179.0,United Kingdom,0,0,0.00020714408
573344,14179.0,United Kingdom,0,0,0.00050518464
570973,14180.0,United Kingdom,0,0,0.02652835
575691,14180.0,United Kingdom,0,0,0.05659822
579285,14180.0,United Kingdom,0,0,0.21060133
569482,14184.0,United Kingdom,0,0,0.00084302056
C569395,14188.0,United Kingdom,1,1,0.9333314
575305,14188.0,United Kingdom,0,0,0.0039811693
C579935,14188.0,United Kingdom,1,1,0.8833661
572935,14189.0,United Kingdom,0,0,0.0005240606
C573766,14189.0,United Kingdom,1,1,0.96377313
575690,14189.0,United Kingdom,0,0,0.0074029122
C577385,14189.0,United Kingdom,1,1,0.9131006
578316,14189.0,United Kingdom,0,0,0.014814547
C579869,14189.0,United Kingdom,1,1,0.96680254
C579968,14189.0,United Kingdom,1,0,0.28657043
581181,14189.0,United Kingdom,0,0,0.0054945014
571690,14191.0,United Kingdom,0,0,0.00069970614
573901,14191.0,United Kingdom,0,0,0.0024322881
577050,14191.0,United Kingdom,0,0,0.0010034852
579515,14191.0,United Kingdom,0,0,0.024728317
581218,14191.0,United Kingdom,0,0,0.0006255861
569242,14193.0,United Kingdom,0,0,0.00057454023
570492,14194.0,United Kingdom,0,0,0.0023257611
570493,14194.0,United Kingdom,0,0,0.04349865
573287,14194.0,United Kingdom,0,0,0.00027921252
573288,14194.0,United Kingdom,0,0,0.004417047
C575650,14194.0,United Kingdom,1,1,0.92575717
576597,14194.0,United Kingdom,0,0,0.00047738812
577633,14194.0,United Kingdom,0,0,0.00049601466
C579883,14194.0,United Kingdom,1,1,0.95627624
580595,14194.0,United Kingdom,0,0,0.008511746
577790,14198.0,United Kingdom,0,0,0.0027074483
C580710,14198.0,United Kingdom,1,1,0.95301026
570415,14201.0,United Kingdom,0,0,0.015689902
581142,14204.0,United Kingdom,0,0,0.00025895794
578133,14205.0,United Kingdom,0,0,0.0008636165
C579366,14205.0,United Kingdom,1,1,0.9854063
579278,14209.0,United Kingdom,0,0,0.004617918
C569938,14211.0,United Kingdom,1,1,0.84313536
570885,14211.0,United Kingdom,0,0,0.00484375
571435,14211.0,United Kingdom,0,0,0.005027758
572032,14214.0,United Kingdom,0,0,0.09549991
575209,14214.0,United Kingdom,0,0,0.15600342
579125,14215.0,United Kingdom,0,0,0.00025779396
573955,14216.0,United Kingdom,0,0,0.00032554567
578261,14216.0,United Kingdom,0,0,0.002194052
580097,14216.0,United Kingdom,0,0,0.0017932251
580967,14216.0,United Kingdom,0,0,0.0074150846
C569913,14217.0,United Kingdom,1,1,0.9741858
C570006,14217.0,United Kingdom,1,1,0.55744916
570896,14217.0,United Kingdom,0,0,0.047504142
573378,14217.0,United Kingdom,0,0,0.038387936
576622,14217.0,United Kingdom,0,0,0.082623996
579123,14217.0,United Kingdom,0,0,0.0032495647
C579778,14217.0,United Kingdom,1,1,0.97431844
C579780,14217.0,United Kingdom,1,1,0.78979445
581324,14217.0,United Kingdom,0,0,0.18076992
573171,14218.0,United Kingdom,0,0,0.004159091
580700,14219.0,United Kingdom,0,0,0.0075538657
573280,14221.0,United Kingdom,0,0,0.00043734064
575593,14226.0,United Kingdom,0,0,0.004050156
575830,14226.0,United Kingdom,0,1,0.71361494
C573034,14227.0,United Kingdom,1,1,0.7329571
576067,14227.0,United Kingdom,0,0,0.0009365317
571735,14229.0,United Kingdom,0,0,0.00024314798
573182,14232.0,United Kingdom,0,0,0.0009596024
C575052,14232.0,United Kingdom,1,1,0.9502903
572244,14233.0,United Kingdom,0,0,0.00050315115
C572927,14233.0,United Kingdom,1,1,0.92884135
571054,14234.0,United Kingdom,0,0,8.285153e-05
572738,14234.0,United Kingdom,0,0,0.03875691
575392,14234.0,United Kingdom,0,0,0.012776124
577110,14234.0,United Kingdom,0,0,0.10810967
C579438,14235.0,United Kingdom,1,0,0.3171199
573095,14239.0,United Kingdom,0,0,0.019254964
575324,14240.0,United Kingdom,0,0,0.0003349223
573878,14243.0,United Kingdom,0,0,0.0036102212
579962,14243.0,United Kingdom,0,0,0.0057799397
580306,14250.0,United Kingdom,0,0,0.00025259773
580308,14250.0,United Kingdom,0,0,0.058825575
571033,14251.0,United Kingdom,0,0,0.0023433408
578038,14251.0,United Kingdom,0,0,0.0018577476
578530,14251.0,United Kingdom,0,0,0.05097201
579391,14251.0,United Kingdom,0,0,0.0018202264
581214,14251.0,United Kingdom,0,0,0.011205043
569914,14257.0,United Kingdom,0,0,0.0057958597
C571858,14257.0,United Kingdom,1,1,0.9550884
579784,14258.0,United Kingdom,0,0,0.0013693431
571941,14261.0,United Kingdom,0,0,0.25652677
571300,14262.0,United Kingdom,0,0,0.0076511544
575589,14262.0,United Kingdom,0,0,0.0013695688
577841,14262.0,United Kingdom,0,0,0.0063191056
580077,14262.0,United Kingdom,0,0,0.003325766
571852,14273.0,United Kingdom,0,0,0.003988513
577152,14277.0,France,0,0,0.00027819033
C578377,14277.0,France,1,0,0.049726333
578541,14277.0,France,0,0,0.00044833336
575068,14282.0,United Kingdom,0,0,0.0030076783
577043,14282.0,United Kingdom,0,0,0.029944044
577552,14282.0,United Kingdom,0,0,0.014386608
580033,14282.0,United Kingdom,0,0,0.006490763
580992,14282.0,United Kingdom,0,0,0.079073824
575179,14284.0,United Kingdom,0,0,0.0005425799
574013,14285.0,United Kingdom,0,0,0.0047960547
577335,14285.0,United Kingdom,0,0,0.0048397477
572558,14286.0,United Kingdom,0,0,0.00024109414
C573471,14286.0,United Kingdom,1,1,0.93129736
576650,14286.0,United Kingdom,0,0,0.00023154332
580060,14287.0,United Kingdom,0,0,0.0036054116
580022,14289.0,United Kingdom,0,0,0.014299465
569319,14290.0,United Kingdom,0,0,0.00046200358
571238,14290.0,United Kingdom,0,0,0.00059644587
579166,14290.0,United Kingdom,0,0,0.0025707935
569467,14291.0,United Kingdom,0,0,0.0002963284
570880,14291.0,United Kingdom,0,0,0.004030814
581230,14291.0,United Kingdom,0,0,0.0013722131
581231,14291.0,United Kingdom,0,0,0.28582996
573421,14292.0,United Kingdom,0,0,0.0008514986
573422,14292.0,United Kingdom,0,0,0.18618
C574522,14292.0,United Kingdom,1,1,0.9270354
580176,14292.0,United Kingdom,0,0,0.0030673484
580177,14292.0,United Kingdom,0,0,0.20810653
580974,14293.0,United Kingdom,0,0,0.0007438591
573404,14295.0,United Kingdom,0,0,0.0038383263
570272,14297.0,United Kingdom,0,0,0.0003993979
571906,14297.0,United Kingdom,0,1,0.93262327
C571907,14297.0,United Kingdom,1,0,0.32659894
C573257,14297.0,United Kingdom,1,1,0.9681777
577813,14297.0,United Kingdom,0,0,0.0008559781
571653,14298.0,United Kingdom,0,0,0.00031513814
575206,14298.0,United Kingdom,0,0,0.0031301945
580055,14298.0,United Kingdom,0,0,0.0007582873
C580971,14298.0,United Kingdom,1,0,0.038922668
570824,14299.0,United Kingdom,0,0,0.0030801424
577298,14299.0,United Kingdom,0,0,0.00022729354
C579898,14299.0,United Kingdom,1,1,0.95425504
580114,14299.0,United Kingdom,0,0,0.026345054
577604,14300.0,United Kingdom,0,0,0.21721368
571853,14306.0,United Kingdom,0,0,0.0026362312
575742,14309.0,United Kingdom,0,0,0.0016856326
580066,14309.0,United Kingdom,0,0,0.0014122509
572323,14312.0,United Kingdom,0,0,0.0002085945
572843,14315.0,United Kingdom,0,0,0.0012609054
C577350,14315.0,United Kingdom,1,1,0.87502396
569736,14317.0,United Kingdom,0,0,0.0018297563
579268,14321.0,United Kingdom,0,0,0.0006617848
572229,14329.0,United Kingdom,0,0,0.0011582148
C573753,14329.0,United Kingdom,1,1,0.9735892
C575055,14329.0,United Kingdom,1,1,0.8520076
578069,14329.0,United Kingdom,0,0,0.001652251
578070,14329.0,United Kingdom,0,0,0.19050823
C579895,14329.0,United Kingdom,1,1,0.9765768
569513,14332.0,United Kingdom,0,0,0.0010923175
576984,14332.0,United Kingdom,0,0,0.0124019
569252,14333.0,United Kingdom,0,0,0.0021598726
C569975,14333.0,United Kingdom,1,1,0.95495635
578117,14334.0,United Kingdom,0,0,0.0019396251
578273,14335.0,Germany,0,0,0.4167172
578187,14336.0,United Kingdom,0,0,0.0006610882
572741,14341.0,United Kingdom,0,0,0.00010001688
572742,14341.0,United Kingdom,0,0,0.020088542
575165,14342.0,United Kingdom,0,0,0.022860376
577313,14342.0,United Kingdom,0,0,0.014224786
573758,14345.0,United Kingdom,0,0,0.00647733
579497,14349.0,United Kingdom,0,0,0.0013835416
575391,14354.0,United Kingdom,0,0,0.009553527
580398,14354.0,United Kingdom,0,0,0.048779793
C570490,14356.0,United Kingdom,1,1,0.9197461
573122,14357.0,United Kingdom,0,0,0.001963723
573160,14359.0,United Kingdom,0,0,0.0020520964
C574268,14359.0,United Kingdom,1,1,0.9584047
C574483,14359.0,United Kingdom,1,0,0.3052666
C577073,14359.0,United Kingdom,1,1,0.90710247
577518,14359.0,United Kingdom,0,0,0.017428035
569326,14360.0,United Kingdom,0,0,0.009161719
569328,14360.0,United Kingdom,0,0,0.05434968
574949,14360.0,United Kingdom,0,0,0.003987965
577076,14362.0,United Kingdom,0,0,0.0007196863
571737,14367.0,United Kingdom,0,0,0.00047948645
575169,14367.0,United Kingdom,0,0,0.018199403
577235,14367.0,United Kingdom,0,0,0.002508139
580058,14367.0,United Kingdom,0,0,0.001815237
572918,14379.0,United Kingdom,0,0,0.007450654
571717,14381.0,United Kingdom,0,0,0.0011194326
576076,14382.0,United Kingdom,0,0,0.00012713647
569834,14383.0,United Kingdom,0,0,0.00018144872
573914,14383.0,United Kingdom,0,0,0.0029228881
576671,14385.0,United Kingdom,0,0,0.044362348
578284,14385.0,United Kingdom,0,0,0.038690176
579789,14385.0,United Kingdom,0,0,0.15819374
574864,14387.0,United Kingdom,0,0,0.0006764744
574484,14388.0,United Kingdom,0,0,0.00019792134
579440,14388.0,United Kingdom,0,0,0.00062832877
C579970,14388.0,United Kingdom,1,1,0.7893055
569692,14389.0,United Kingdom,0,0,0.0003176623
C579926,14389.0,United Kingdom,1,1,0.6112496
C571186,14390.0,United Kingdom,1,1,0.8406541
571214,14390.0,United Kingdom,0,0,9.624695e-05
C574003,14390.0,United Kingdom,1,1,0.86106014
574023,14390.0,United Kingdom,0,0,0.01649437
577303,14390.0,United Kingdom,0,0,0.00025753552
579447,14390.0,United Kingdom,0,0,0.0002936566
579448,14390.0,United Kingdom,0,0,0.13058832
570491,14395.0,United Kingdom,0,0,0.0051218113
C572750,14395.0,United Kingdom,1,1,0.9759236
581164,14395.0,United Kingdom,0,0,0.00032380736
569702,14396.0,United Kingdom,0,0,0.0009689448
570511,14397.0,United Kingdom,0,0,0.01279515
571225,14397.0,United Kingdom,0,0,0.013602519
573294,14397.0,United Kingdom,0,0,0.029497469
575684,14397.0,United Kingdom,0,0,0.008461171
577060,14397.0,United Kingdom,0,0,0.03911137
C578355,14397.0,United Kingdom,1,1,0.9341525
579128,14397.0,United Kingdom,0,0,0.050957706
580394,14397.0,United Kingdom,0,0,0.036038492
581011,14397.0,United Kingdom,0,0,0.01269258
C581490,14397.0,United Kingdom,1,0,0.33367825
573886,14401.0,United Kingdom,0,0,0.00041875697
C575565,14401.0,United Kingdom,1,1,0.97176075
580650,14401.0,United Kingdom,0,0,0.0004494461
574674,14404.0,United Kingdom,0,0,0.002105557
579332,14408.0,United Kingdom,0,0,0.002291157
C578371,14410.0,United Kingdom,1,0,0.0021045343
573178,14412.0,United Kingdom,0,0,0.0012214518
C574499,14412.0,United Kingdom,1,1,0.9622549
570245,14415.0,United Kingdom,0,0,0.008529458
C573219,14415.0,United Kingdom,1,1,0.9352524
573264,14415.0,United Kingdom,0,0,0.00022991562
577579,14415.0,United Kingdom,0,0,0.009931438
581412,14415.0,United Kingdom,0,0,0.0015321239
573292,14416.0,United Kingdom,0,0,0.0009288401
577079,14416.0,United Kingdom,0,0,0.024145283
576252,14418.0,United Kingdom,0,0,0.0013557909
580831,14418.0,United Kingdom,0,0,0.0007251249
570284,14419.0,United Kingdom,0,0,0.0027272163
573808,14419.0,United Kingdom,0,0,0.0011837459
579293,14419.0,United Kingdom,0,0,0.0011965624
571044,14421.0,United Kingdom,0,0,0.00042154317
571502,14422.0,United Kingdom,0,0,0.0008305621
578053,14422.0,United Kingdom,0,0,0.00070347416
581516,14422.0,United Kingdom,0,0,0.0013031606
577897,14424.0,United Kingdom,0,0,0.007919615
573871,14426.0,United Kingdom,0,0,0.00010078932
C574876,14426.0,United Kingdom,1,1,0.93562114
574899,14426.0,United Kingdom,0,0,0.011159868
576627,14426.0,United Kingdom,0,0,0.014077042
576694,14426.0,United Kingdom,0,0,0.020709042
C577692,14426.0,United Kingdom,1,1,0.96383804
570001,14427.0,United Kingdom,0,0,0.0008745093
572085,14427.0,United Kingdom,0,1,0.54047436
C572449,14428.0,United Kingdom,1,1,0.95976233
574304,14428.0,United Kingdom,0,0,0.0002938148
580282,14428.0,United Kingdom,0,0,0.00079910294
569236,14432.0,United Kingdom,0,0,0.0003330228
572309,14432.0,United Kingdom,0,0,0.00044615922
573877,14432.0,United Kingdom,0,0,0.05139218
576078,14432.0,United Kingdom,0,0,0.0005025225
579522,14432.0,United Kingdom,0,0,0.0107416725
569656,14434.0,United Kingdom,0,0,0.13971348
570461,14434.0,United Kingdom,0,0,0.15539776
571744,14434.0,United Kingdom,0,0,0.18693304
574021,14434.0,United Kingdom,0,0,0.0044042445
577134,14434.0,United Kingdom,0,0,0.016809123
573295,14440.0,United Kingdom,0,0,0.025308464
580108,14440.0,United Kingdom,0,0,0.0016740112
573085,14441.0,United Kingdom,0,0,0.00069372513
C576240,14441.0,United Kingdom,1,1,0.9243106
C576871,14441.0,United Kingdom,1,1,0.9864203
C577375,14441.0,United Kingdom,1,1,0.9595316
581480,14441.0,United Kingdom,0,0,0.0014670157
C581323,14442.0,Channel Islands,1,1,0.9776284
571307,14443.0,United Kingdom,0,0,0.0005382118
575843,14446.0,United Kingdom,0,0,0.0014978952
581538,14446.0,United Kingdom,0,0,0.00082879426
572033,14447.0,United Kingdom,0,0,0.0012619213
572034,14447.0,United Kingdom,0,0,0.293325
577600,14447.0,United Kingdom,0,0,0.00063749193
579687,14448.0,United Kingdom,0,0,0.0031564042
569843,14449.0,United Kingdom,0,0,7.894599e-05
577700,14449.0,United Kingdom,0,0,0.00040911365
570423,14451.0,United Kingdom,0,0,0.0003365053
579387,14452.0,United Kingdom,0,0,0.00010815625
573361,14456.0,United Kingdom,0,0,0.0011351607
C575511,14456.0,United Kingdom,1,1,0.9857226
575583,14456.0,United Kingdom,0,0,0.002497906
C577075,14456.0,United Kingdom,1,1,0.9751187
577106,14456.0,United Kingdom,0,0,0.00042844037
C580510,14456.0,United Kingdom,1,1,0.9604011
580513,14456.0,United Kingdom,0,0,0.00025075272
569538,14462.0,United Kingdom,0,0,0.0030316375
C570005,14462.0,United Kingdom,1,1,0.94340867
575642,14466.0,United Kingdom,0,0,0.0010241717
572490,14467.0,United Kingdom,0,0,0.0011469645
576520,14467.0,United Kingdom,0,0,0.0014272858
578009,14467.0,United Kingdom,0,0,0.011174279
579067,14470.0,United Kingdom,0,0,0.000765397
572465,14474.0,United Kingdom,0,0,0.0062248963
C573024,14474.0,United Kingdom,1,1,0.9793426
C571814,14477.0,United Kingdom,1,1,0.9775745
572048,14477.0,United Kingdom,0,0,0.024067234
577440,14477.0,United Kingdom,0,0,0.0068037156
579250,14480.0,United Kingdom,0,0,0.0077336608
572743,14482.0,United Kingdom,0,0,0.00073939847
574664,14482.0,United Kingdom,0,0,0.0005590021
575368,14482.0,United Kingdom,0,0,0.0011664224
577735,14482.0,United Kingdom,0,0,0.00046937075
572079,14484.0,United Kingdom,0,0,0.0006819255
573870,14485.0,United Kingdom,0,0,0.00083768595
573348,14487.0,United Kingdom,0,0,0.0021499086
575956,14487.0,United Kingdom,0,0,0.0016944805
569241,14488.0,United Kingdom,0,0,0.0004074828
C571902,14488.0,United Kingdom,1,1,0.9047314
572335,14493.0,United Kingdom,0,0,0.00026038993
C574028,14493.0,United Kingdom,1,1,0.9597966
575334,14493.0,United Kingdom,0,0,0.0050856145
C577683,14493.0,United Kingdom,1,1,0.9388039
578120,14493.0,United Kingdom,0,0,0.004021934
580360,14493.0,United Kingdom,0,0,0.0005013444
576097,14494.0,United Kingdom,0,0,0.007893063
572053,14495.0,United Kingdom,0,0,0.010177211
573248,14498.0,United Kingdom,0,0,9.996959e-05
575972,14499.0,United Kingdom,0,0,4.8760037e-05
C569991,14501.0,United Kingdom,1,0,0.05346852
569229,14502.0,United Kingdom,0,0,7.1688475e-05
C574712,14502.0,United Kingdom,1,1,0.6376904
574716,14502.0,United Kingdom,0,0,0.0035314835
574722,14502.0,United Kingdom,0,0,0.0002043358
577483,14502.0,United Kingdom,0,0,0.00013211956
577472,14503.0,United Kingdom,0,0,0.0003355006
579403,14503.0,United Kingdom,0,0,0.008441339
580309,14503.0,United Kingdom,0,0,0.0020296404
580911,14503.0,United Kingdom,0,0,0.0035263642
572315,14504.0,United Kingdom,0,0,0.0034067058
573904,14505.0,United Kingdom,0,0,0.0002119579
C574137,14505.0,United Kingdom,1,1,0.52074575
578068,14505.0,United Kingdom,0,0,0.0018231423
569524,14506.0,United Kingdom,0,0,0.00016875104
578016,14506.0,United Kingdom,0,0,0.0005486753
573368,14507.0,United Kingdom,0,0,0.001710024
576691,14507.0,United Kingdom,0,0,0.041458
577128,14508.0,United Kingdom,0,0,0.0027400765
569560,14511.0,United Kingdom,0,0,0.0008481313
C573949,14511.0,United Kingdom,1,0,0.33548555
574719,14511.0,United Kingdom,0,0,0.0019958492
579254,14511.0,United Kingdom,0,0,0.04748296
570244,14514.0,United Kingdom,0,0,0.00011516749
569472,14515.0,United Kingdom,0,0,0.0001288618
576948,14515.0,United Kingdom,0,0,0.0027136393
576958,14515.0,United Kingdom,0,0,0.4540236
577880,14515.0,United Kingdom,0,0,0.06639561
574711,14517.0,United Kingdom,0,0,0.006746926
569862,14518.0,United Kingdom,0,0,0.0022587324
581222,14520.0,United Kingdom,0,0,0.00518103
576562,14522.0,United Kingdom,0,0,0.02524693
575061,14524.0,United Kingdom,0,0,0.01660156
573116,14525.0,United Kingdom,0,0,0.00019279691
577480,14525.0,United Kingdom,0,0,0.0007258906
C579911,14525.0,United Kingdom,1,1,0.982141
569828,14527.0,United Kingdom,0,0,0.020418156
C569829,14527.0,United Kingdom,1,0,0.36373436
571041,14527.0,United Kingdom,0,0,0.008685288
572045,14527.0,United Kingdom,0,0,0.009088609
572660,14527.0,United Kingdom,0,0,0.004684303
C572659,14527.0,United Kingdom,1,1,0.947938
C573081,14527.0,United Kingdom,1,1,0.96600145
573572,14527.0,United Kingdom,0,0,0.0035107795
574871,14527.0,United Kingdom,0,0,0.017155293
575855,14527.0,United Kingdom,0,0,0.001753216
576704,14527.0,United Kingdom,0,0,0.024577804
C577227,14527.0,United Kingdom,1,1,0.55097425
578231,14527.0,United Kingdom,0,0,0.006806919
578923,14527.0,United Kingdom,0,0,0.0053341887
C579884,14527.0,United Kingdom,1,1,0.9778201
C579908,14527.0,United Kingdom,1,1,0.61056226
580043,14527.0,United Kingdom,0,0,0.0021427486
581114,14527.0,United Kingdom,0,0,0.001896958
574084,14528.0,United Kingdom,0,0,0.013210379
570455,14529.0,United Kingdom,0,0,0.0007890231
576121,14530.0,United Kingdom,0,0,0.00057633646
569214,14533.0,United Kingdom,0,0,0.0007790439
C569552,14533.0,United Kingdom,1,1,0.5195982
569864,14533.0,United Kingdom,0,0,0.007307813
C570486,14533.0,United Kingdom,1,1,0.5805107
570489,14533.0,United Kingdom,0,0,0.32046038
576510,14533.0,United Kingdom,0,0,0.0074192095
C569644,14534.0,United Kingdom,1,1,0.95886296
569651,14534.0,United Kingdom,0,0,0.00074651826
C569655,14534.0,United Kingdom,1,0,0.015262174
C570278,14534.0,United Kingdom,1,0,0.120699726
576658,14534.0,United Kingdom,0,0,0.003145115
C577849,14534.0,United Kingdom,1,1,0.8366063
577859,14534.0,United Kingdom,0,0,0.07320747
C581100,14534.0,United Kingdom,1,1,0.92949396
581113,14534.0,United Kingdom,0,0,0.011173705
570458,14535.0,United Kingdom,0,0,0.0003737078
C570684,14535.0,United Kingdom,1,1,0.903309
570906,14537.0,United Kingdom,0,0,0.0015701827
569734,14538.0,United Kingdom,0,0,0.00063456077
572838,14539.0,United Kingdom,0,0,0.01621208
578349,14539.0,United Kingdom,0,0,0.0005700486
579544,14540.0,United Kingdom,0,0,0.0006082982
570707,14541.0,United Kingdom,0,0,0.010982602
575322,14543.0,United Kingdom,0,0,0.0022717793
575869,14543.0,United Kingdom,0,1,0.754047
C580762,14543.0,United Kingdom,1,1,0.9129272
576599,14544.0,United Kingdom,0,0,0.000424822
C573321,14546.0,United Kingdom,1,1,0.6516
573338,14546.0,United Kingdom,0,0,0.002206071
580501,14546.0,United Kingdom,0,0,0.000189291
C580708,14546.0,United Kingdom,1,1,0.8028384
571286,14547.0,United Kingdom,0,0,8.773745e-05
574720,14547.0,United Kingdom,0,0,0.0002645663
575959,14547.0,United Kingdom,0,0,0.0003898911
C575962,14547.0,United Kingdom,1,0,0.3510707
577539,14547.0,United Kingdom,0,0,0.0011740995
578121,14547.0,United Kingdom,0,0,0.013852538
578947,14547.0,United Kingdom,0,0,5.6342604e-05
580643,14547.0,United Kingdom,0,0,0.07008393
580777,14547.0,United Kingdom,0,0,0.036938272
572846,14550.0,United Kingdom,0,0,0.0003130841
579401,14550.0,United Kingdom,0,0,0.00061993144
577739,14551.0,United Kingdom,0,0,0.015257087
574693,14553.0,United Kingdom,0,0,0.00079769205
574705,14553.0,United Kingdom,0,0,0.040996354
577520,14553.0,United Kingdom,0,0,0.00674391
571667,14554.0,United Kingdom,0,0,6.35874e-05
576779,14554.0,United Kingdom,0,0,0.0023477518
578091,14554.0,United Kingdom,0,0,0.2942677
579510,14554.0,United Kingdom,0,0,0.00083740306
571108,14555.0,United Kingdom,0,0,0.0035295177
C569995,14557.0,United Kingdom,1,0,0.002880333
570101,14560.0,United Kingdom,0,0,0.0023678523
572998,14560.0,United Kingdom,0,1,0.54887515
572999,14560.0,United Kingdom,0,0,0.12498312
C573427,14560.0,United Kingdom,1,1,0.53746223
575072,14560.0,United Kingdom,0,0,0.27629858
575711,14560.0,United Kingdom,0,0,0.42374232
578113,14560.0,United Kingdom,0,0,0.07726769
580315,14560.0,United Kingdom,0,0,0.41441023
571284,14562.0,United Kingdom,0,0,0.00042622836
572195,14562.0,United Kingdom,0,0,0.0046601743
573898,14562.0,United Kingdom,0,0,0.003334258
575517,14562.0,United Kingdom,0,0,0.0023996057
576605,14562.0,United Kingdom,0,0,0.016979635
579175,14562.0,United Kingdom,0,0,0.00071304064
C580764,14562.0,United Kingdom,1,0,0.20582552
580765,14562.0,United Kingdom,0,0,0.16719288
C580766,14562.0,United Kingdom,1,0,0.20343938
580776,14562.0,United Kingdom,0,0,0.01603594
571142,14567.0,United Kingdom,0,0,0.00045986142
C574526,14567.0,United Kingdom,1,1,0.8918039
581416,14569.0,United Kingdom,0,0,0.0102951005
573380,14572.0,United Kingdom,0,0,0.0006738401
580961,14572.0,United Kingdom,0,0,0.042733938
578934,14577.0,United Kingdom,0,0,0.0007902846
580996,14578.0,United Kingdom,0,0,0.0048979633
578247,14581.0,United Kingdom,0,0,0.0014498043
573342,14582.0,United Kingdom,0,0,0.0019458716
580469,14583.0,United Kingdom,0,0,0.00019953308
572088,14585.0,United Kingdom,0,0,0.00082065637
577691,14587.0,United Kingdom,0,0,0.005387411
578516,14591.0,United Kingdom,0,0,0.0006521039
578519,14591.0,United Kingdom,0,0,0.00033794367
578520,14591.0,United Kingdom,0,0,0.008675223
569943,14592.0,United Kingdom,0,0,0.000606536
571241,14592.0,United Kingdom,0,0,0.00039355908
574573,14592.0,United Kingdom,0,0,0.0010838938
577297,14593.0,United Kingdom,0,0,0.0001443281
580287,14594.0,United Kingdom,0,0,0.0005812695
570216,14595.0,United Kingdom,0,0,0.011990403
571243,14595.0,United Kingdom,0,0,0.00039635279
576601,14595.0,United Kingdom,0,0,0.035856184
577491,14595.0,United Kingdom,0,0,0.013295308
579145,14597.0,United Kingdom,0,0,0.00021843775
572867,14598.0,United Kingdom,0,0,0.0009000114
579269,14601.0,United Kingdom,0,0,0.014863643
569457,14606.0,United Kingdom,0,0,0.0004936212
C570331,14606.0,United Kingdom,1,1,0.98630583
570380,14606.0,United Kingdom,0,0,0.0008304501
571158,14606.0,United Kingdom,0,0,0.003652558
572063,14606.0,United Kingdom,0,0,0.00060128263
572847,14606.0,United Kingdom,0,0,0.00038475028
C573271,14606.0,United Kingdom,1,1,0.8971211
573277,14606.0,United Kingdom,0,0,0.041032657
C574026,14606.0,United Kingdom,1,1,0.9422964
574035,14606.0,United Kingdom,0,0,0.007085608
C574886,14606.0,United Kingdom,1,1,0.9669827
574891,14606.0,United Kingdom,0,0,0.005444878
C575537,14606.0,United Kingdom,1,1,0.952438
575574,14606.0,United Kingdom,0,0,0.0015193955
C576195,14606.0,United Kingdom,1,1,0.9766871
576201,14606.0,United Kingdom,0,0,0.00343633
577286,14606.0,United Kingdom,0,0,0.0007647284
577736,14606.0,United Kingdom,0,0,0.0014005176
578518,14606.0,United Kingdom,0,0,0.0011114235
579098,14606.0,United Kingdom,0,0,0.0021981106
579689,14606.0,United Kingdom,0,0,0.0012136041
580903,14606.0,United Kingdom,0,0,0.0010886582
581469,14606.0,United Kingdom,0,0,0.00071791036
572324,14607.0,United Kingdom,0,0,0.00078700914
572325,14607.0,United Kingdom,0,0,0.17662826
572326,14607.0,United Kingdom,0,0,0.018484209
C572334,14607.0,United Kingdom,1,0,0.02037532
572337,14607.0,United Kingdom,0,0,0.074829325
572339,14607.0,United Kingdom,0,0,0.04300779
572340,14607.0,United Kingdom,0,0,0.025605407
572342,14607.0,United Kingdom,0,0,0.0126789585
C572343,14607.0,United Kingdom,1,0,0.010952907
572344,14607.0,United Kingdom,0,0,0.27732638
572656,14607.0,United Kingdom,0,0,0.051026896
574271,14607.0,United Kingdom,0,0,0.17674443
C577722,14607.0,United Kingdom,1,0,0.19009703
577725,14607.0,United Kingdom,0,0,0.1326276
577822,14607.0,United Kingdom,0,0,0.030155448
578359,14607.0,United Kingdom,0,0,0.018626755
575724,14608.0,United Kingdom,0,0,0.0059417337
580717,14608.0,United Kingdom,0,0,0.008354775
579260,14618.0,United Kingdom,0,0,0.0028100396
579684,14618.0,United Kingdom,0,0,0.2445122
575366,14621.0,United Kingdom,0,0,0.0004322444
581437,14621.0,United Kingdom,0,0,0.005527356
572928,14623.0,United Kingdom,0,0,0.0030545027
C573244,14623.0,United Kingdom,1,1,0.9135111
574883,14623.0,United Kingdom,0,0,0.08144583
570670,14624.0,United Kingdom,0,0,0.0065263105
571050,14624.0,United Kingdom,0,1,0.7247486
569741,14626.0,United Kingdom,0,0,0.0025855815
C571051,14626.0,United Kingdom,1,1,0.97943795
576651,14626.0,United Kingdom,0,0,0.0006119291
C579913,14626.0,United Kingdom,1,1,0.89535046
572317,14629.0,United Kingdom,0,0,9.555751e-05
C574339,14629.0,United Kingdom,1,0,0.46752527
580720,14629.0,United Kingdom,0,0,0.00077255256
572024,14631.0,United Kingdom,0,0,0.00042890763
574300,14636.0,United Kingdom,0,0,0.001617449
571943,14638.0,United Kingdom,0,0,0.0016034319
571701,14639.0,United Kingdom,0,0,0.00042339953
571702,14639.0,United Kingdom,0,0,0.14946476
570676,14640.0,United Kingdom,0,0,0.0015983697
576556,14640.0,United Kingdom,0,0,0.002714442
C578367,14640.0,United Kingdom,1,0,0.09165413
577169,14641.0,United Kingdom,0,0,0.0070135184
570722,14642.0,United Kingdom,0,0,0.023370275
569239,14644.0,United Kingdom,0,0,0.0006396655
C570478,14644.0,United Kingdom,1,1,0.98269904
C579758,14644.0,United Kingdom,1,1,0.96738976
569719,14646.0,Netherlands,0,0,0.0029387176
569720,14646.0,Netherlands,0,0,0.060180612
569735,14646.0,Netherlands,0,0,0.31465083
572035,14646.0,Netherlands,0,0,0.00026768335
572051,14646.0,Netherlands,0,0,0.047524247
572052,14646.0,Netherlands,0,0,0.22605734
572123,14646.0,Netherlands,0,0,0.090860315
572233,14646.0,Netherlands,0,0,0.014895165
572236,14646.0,Netherlands,0,0,0.14775538
573002,14646.0,Netherlands,0,0,0.002808936
573003,14646.0,Netherlands,0,0,0.17115745
573004,14646.0,Netherlands,0,0,0.06749766
574056,14646.0,Netherlands,0,0,0.0032333282
574058,14646.0,Netherlands,0,0,0.08193603
574059,14646.0,Netherlands,0,0,0.007874903
575508,14646.0,Netherlands,0,0,0.0005441272
575510,14646.0,Netherlands,0,0,0.0062910053
575709,14646.0,Netherlands,0,0,0.11552903
576664,14646.0,Netherlands,0,0,0.06991942
577326,14646.0,Netherlands,0,0,0.081258915
578034,14646.0,Netherlands,0,0,0.0017862635
578140,14646.0,Netherlands,0,0,0.002912962
578141,14646.0,Netherlands,0,0,0.0659967
578143,14646.0,Netherlands,0,0,0.0065858555
581175,14646.0,Netherlands,0,0,0.0007344445
581176,14646.0,Netherlands,0,0,0.003486193
581338,14646.0,Netherlands,0,0,0.15087053
580635,14649.0,United Kingdom,0,0,0.0005648163
569371,14651.0,United Kingdom,0,0,0.0017593782
569360,14653.0,United Kingdom,0,0,0.00018634973
573377,14653.0,United Kingdom,0,0,0.00035666328
574878,14653.0,United Kingdom,0,0,0.090368204
579541,14653.0,United Kingdom,0,0,0.0028836424
579543,14653.0,United Kingdom,0,1,0.5889466
581402,14653.0,United Kingdom,0,0,0.0007318241
576916,14655.0,United Kingdom,0,0,0.0021673744
580117,14655.0,United Kingdom,0,0,0.0057596704
C580767,14655.0,United Kingdom,1,1,0.9731785
578008,14657.0,United Kingdom,0,0,0.0050414014
580529,14658.0,United Kingdom,0,0,0.0010024342
574353,14659.0,United Kingdom,0,0,0.0002539343
580032,14659.0,United Kingdom,0,0,0.00392539
575948,14661.0,United Kingdom,0,0,0.015299463
575851,14662.0,United Kingdom,0,0,0.00018774228
574726,14664.0,United Kingdom,0,0,6.053007e-05
577410,14664.0,United Kingdom,0,0,0.002164537
570252,14665.0,United Kingdom,0,0,0.005718487
C570290,14665.0,United Kingdom,1,0,0.015219478
576553,14666.0,United Kingdom,0,0,0.0019730793
573903,14667.0,United Kingdom,0,0,0.0026759147
575133,14667.0,United Kingdom,0,0,0.03231403
575134,14667.0,United Kingdom,0,0,0.03876707
576301,14667.0,United Kingdom,0,0,0.011736374
577331,14667.0,United Kingdom,0,0,7.456661e-05
579300,14667.0,United Kingdom,0,0,0.002529874
574020,14673.0,United Kingdom,0,0,0.00054533535
576881,14673.0,United Kingdom,0,0,0.08094175
579669,14673.0,United Kingdom,0,0,0.0024088167
580959,14673.0,United Kingdom,0,0,0.006876984
578255,14675.0,United Kingdom,0,0,0.00012664052
575080,14676.0,United Kingdom,0,0,0.0011163471
576359,14680.0,United Kingdom,0,0,0.003561353
573373,14684.0,United Kingdom,0,0,0.00030371812
576189,14684.0,United Kingdom,0,0,0.00022511993
C571637,14688.0,United Kingdom,1,0,0.08425552
571655,14688.0,United Kingdom,0,0,0.027210986
573416,14688.0,United Kingdom,0,0,0.023345752
C580180,14688.0,United Kingdom,1,1,0.7603043
580256,14688.0,United Kingdom,0,0,0.00031293518
580257,14688.0,United Kingdom,0,0,0.15489805
572905,14690.0,United Kingdom,0,0,0.00037435105
575299,14691.0,United Kingdom,0,0,0.0018569891
580657,14696.0,United Kingdom,0,0,0.0016702286
571850,14698.0,United Kingdom,0,0,0.00016814678
572285,14698.0,United Kingdom,0,0,0.0007774886
575989,14698.0,United Kingdom,0,0,0.0011799274
578369,14698.0,United Kingdom,0,0,0.011370603
581352,14698.0,United Kingdom,0,0,0.00046238228
574892,14700.0,United Kingdom,0,0,0.00024053575
579408,14701.0,United Kingdom,0,0,0.00019748589
579409,14701.0,United Kingdom,0,1,0.6803798
569977,14702.0,United Kingdom,0,0,0.13683479
571276,14702.0,United Kingdom,0,0,0.00030011378
573542,14702.0,United Kingdom,0,0,0.009044668
574846,14702.0,United Kingdom,0,0,0.019249331
C574850,14702.0,United Kingdom,1,0,0.21963856
577694,14702.0,United Kingdom,0,0,0.010839462
580135,14702.0,United Kingdom,0,0,0.017829338
581471,14702.0,United Kingdom,0,0,0.0030349772
578687,14703.0,United Kingdom,0,0,0.0008485743
571883,14704.0,United Kingdom,0,0,0.00029432817
572319,14704.0,United Kingdom,0,0,0.00054068555
573586,14704.0,United Kingdom,0,0,0.4709267
577024,14704.0,United Kingdom,0,0,0.0016013341
577495,14704.0,United Kingdom,0,0,0.00041153785
579137,14704.0,United Kingdom,0,0,0.47454184
581002,14708.0,United Kingdom,0,0,0.00055830134
575181,14709.0,United Kingdom,0,0,0.00018746323
575182,14709.0,United Kingdom,0,0,0.05480772
578627,14709.0,United Kingdom,0,0,0.0017976031
570653,14710.0,United Kingdom,0,0,0.00030765214
573364,14710.0,United Kingdom,0,0,0.0047145663
577507,14710.0,United Kingdom,0,0,0.00041497167
578829,14710.0,United Kingdom,0,0,0.031192677
576559,14711.0,United Kingdom,0,0,0.0014745564
579468,14711.0,United Kingdom,0,0,0.0035495579
575619,14712.0,United Kingdom,0,0,0.0036536148
575706,14713.0,United Kingdom,0,0,0.0016494454
579854,14713.0,United Kingdom,0,0,0.022790682
576557,14714.0,United Kingdom,0,0,0.0067428653
576513,14715.0,United Kingdom,0,0,0.0058191344
573139,14716.0,United Kingdom,0,0,0.0036845428
570374,14719.0,United Kingdom,0,0,0.00017965812
C570477,14719.0,United Kingdom,1,1,0.77543885
579414,14719.0,United Kingdom,0,0,0.0001614086
581376,14719.0,United Kingdom,0,0,0.0003484491
580405,14720.0,United Kingdom,0,0,0.0063214055
573396,14723.0,United Kingdom,0,0,0.0003121893
574287,14723.0,United Kingdom,0,0,0.00033018764
579491,14723.0,United Kingdom,0,0,0.0008323133
576538,14725.0,United Kingdom,0,0,0.00020664498
569669,14730.0,United Kingdom,0,0,0.0001015351
569670,14730.0,United Kingdom,0,0,0.00033680315
581414,14730.0,United Kingdom,0,0,0.005301055
572313,14731.0,United Kingdom,0,0,0.00046777306
575210,14732.0,United Kingdom,0,0,0.0027995582
C577354,14732.0,United Kingdom,1,1,0.9568357
580089,14732.0,United Kingdom,0,0,0.0024739655
578303,14733.0,United Kingdom,0,0,0.0003194837
C579756,14733.0,United Kingdom,1,1,0.98133415
576184,14735.0,United Kingdom,0,0,0.012391677
576186,14735.0,United Kingdom,0,0,0.012426283
576896,14735.0,United Kingdom,0,0,0.055909235
578279,14735.0,United Kingdom,0,0,0.012120901
579130,14735.0,United Kingdom,0,0,0.049111202
580874,14735.0,United Kingdom,0,0,0.005207204
580755,14737.0,United Kingdom,0,0,0.017864736
569890,14738.0,United Kingdom,0,0,0.002616954
573158,14738.0,United Kingdom,0,0,0.006716748
C573541,14738.0,United Kingdom,1,1,0.9719224
569566,14739.0,United Kingdom,0,0,0.0016929666
577407,14739.0,United Kingdom,0,0,0.0027682947
580719,14739.0,United Kingdom,0,0,0.00434358
C581162,14739.0,United Kingdom,1,1,0.8937203
571295,14741.0,United Kingdom,0,0,0.00091865164
579003,14741.0,United Kingdom,0,0,0.0048858207
570502,14744.0,United Kingdom,0,0,0.009179566
578253,14744.0,United Kingdom,0,0,0.0042008194
575723,14748.0,United Kingdom,0,0,0.0032775574
573000,14752.0,United Kingdom,0,0,0.002521814
572837,14754.0,United Kingdom,0,0,0.00016499746
573374,14755.0,United Kingdom,0,0,0.00078275
576362,14755.0,United Kingdom,0,0,0.010670763
579558,14755.0,United Kingdom,0,0,0.00046166527
578675,14756.0,United Kingdom,0,0,0.00046620923
580613,14759.0,United Kingdom,0,0,0.00039261812
570794,14761.0,United Kingdom,0,0,0.0033376873
572392,14764.0,United Kingdom,0,0,0.0039070644
C572968,14764.0,United Kingdom,1,1,0.8546481
575730,14765.0,United Kingdom,0,0,0.0023359526
580113,14766.0,United Kingdom,0,0,0.0029511028
578012,14768.0,United Kingdom,0,0,0.102649204
581021,14769.0,United Kingdom,0,0,0.0009248203
570861,14775.0,United Kingdom,0,0,0.00084670406
571693,14776.0,United Kingdom,0,0,0.0007843647
C571695,14776.0,United Kingdom,1,0,0.013824184
571914,14776.0,United Kingdom,0,0,0.0052893083
571916,14776.0,United Kingdom,0,0,0.18549305
C580649,14777.0,United Kingdom,1,1,0.97378
571278,14780.0,United Kingdom,0,0,0.005949574
575979,14784.0,United Kingdom,0,0,0.00025908017
578514,14785.0,United Kingdom,0,0,0.26550505
579436,14785.0,United Kingdom,0,0,0.4670674
576068,14788.0,United Kingdom,0,0,0.00031578654
580373,14788.0,United Kingdom,0,0,0.0071212365
575737,14789.0,United Kingdom,0,0,0.009362969
575849,14790.0,United Kingdom,0,0,0.00463738
578111,14790.0,United Kingdom,0,0,0.005408172
C569954,14792.0,United Kingdom,1,1,0.73492336
570003,14792.0,United Kingdom,0,0,0.44556817
577336,14793.0,United Kingdom,0,0,0.003758462
C580701,14793.0,United Kingdom,1,1,0.85824203
575217,14794.0,United Kingdom,0,0,0.0018158695
C576363,14794.0,United Kingdom,1,1,0.99105513
579530,14794.0,United Kingdom,0,0,0.005428897
581019,14794.0,United Kingdom,0,0,0.008805905
571183,14796.0,United Kingdom,0,0,0.000116363226
577038,14796.0,United Kingdom,0,0,0.00038398578
581425,14796.0,United Kingdom,0,0,0.00044001758
571622,14798.0,United Kingdom,0,0,0.004126378
571920,14799.0,United Kingdom,0,0,0.0030444392
C570553,14800.0,United Kingdom,1,1,0.9710316
570554,14800.0,United Kingdom,0,1,0.50443107
572290,14800.0,United Kingdom,0,0,0.0005824463
570241,14801.0,United Kingdom,0,0,0.00016935052
579990,14804.0,United Kingdom,0,0,0.0014080441
571464,14805.0,United Kingdom,0,0,0.0015708737
577408,14805.0,United Kingdom,0,0,0.06597932
578631,14805.0,United Kingdom,0,0,0.024155743
C573502,14808.0,United Kingdom,1,0,0.095359705
573510,14808.0,United Kingdom,0,0,0.008935979
573329,14810.0,United Kingdom,0,0,0.0056452267
569262,14815.0,United Kingdom,0,0,0.00041835674
574165,14815.0,United Kingdom,0,0,0.00587844
569845,14819.0,United Kingdom,0,0,0.0012020636
574592,14820.0,United Kingdom,0,0,0.0041893255
577352,14820.0,United Kingdom,0,0,0.009812342
574730,14824.0,United Kingdom,0,0,0.02864574
579457,14824.0,United Kingdom,0,0,0.0027692888
570195,14825.0,United Kingdom,0,0,0.007612888
576862,14825.0,United Kingdom,0,0,0.004964515
578353,14825.0,United Kingdom,0,0,0.11833699
580830,14825.0,United Kingdom,0,0,0.035419565
575689,14829.0,United Kingdom,0,0,0.0026896067
571465,14830.0,United Kingdom,0,0,0.00039104797
C569547,14834.0,United Kingdom,1,1,0.9906307
570833,14834.0,United Kingdom,0,0,0.0026109447
576930,14834.0,United Kingdom,0,0,0.0065062237
577837,14834.0,United Kingdom,0,0,0.025318835
575319,14836.0,United Kingdom,0,0,0.015735816
575910,14836.0,United Kingdom,0,1,0.7330948
579511,14836.0,United Kingdom,0,1,0.769335
570505,14841.0,United Kingdom,0,0,0.0007521997
571497,14841.0,United Kingdom,0,0,0.009970223
573020,14842.0,United Kingdom,0,0,0.00032342755
C574493,14842.0,United Kingdom,1,1,0.87175506
570027,14844.0,United Kingdom,0,0,0.00029188665
569766,14849.0,United Kingdom,0,0,0.0011820833
569767,14849.0,United Kingdom,0,0,0.034496088
C570996,14849.0,United Kingdom,1,1,0.84183896
574239,14849.0,United Kingdom,0,0,0.0011507724
574241,14849.0,United Kingdom,0,0,0.36776116
574245,14849.0,United Kingdom,0,0,0.08366474
574246,14849.0,United Kingdom,0,0,0.16656655
577173,14849.0,United Kingdom,0,0,0.00074323703
577175,14849.0,United Kingdom,0,0,0.055736784
576809,14851.0,United Kingdom,0,0,0.00037448577
570830,14852.0,United Kingdom,0,0,0.001029416
576616,14853.0,United Kingdom,0,0,0.004552542
C579933,14853.0,United Kingdom,1,1,0.9527679
571123,14856.0,United Kingdom,0,0,8.4408275e-05
574281,14856.0,United Kingdom,0,0,0.00852431
574283,14856.0,United Kingdom,0,1,0.50325876
570501,14857.0,United Kingdom,0,0,0.0007515688
578854,14859.0,United Kingdom,0,0,0.0010152531
578857,14859.0,United Kingdom,0,0,0.20872314
577537,14860.0,United Kingdom,0,0,0.0010443461
C579934,14860.0,United Kingdom,1,1,0.96277416
571662,14861.0,United Kingdom,0,0,0.0058004335
576098,14862.0,United Kingdom,0,0,0.00044224292
575673,14863.0,United Kingdom,0,0,0.0031636746
580361,14865.0,United Kingdom,0,0,0.21210404
570660,14866.0,United Kingdom,0,0,0.0053233737
572031,14866.0,United Kingdom,0,0,0.029013462
572902,14866.0,United Kingdom,0,0,0.011671637
573840,14866.0,United Kingdom,0,0,0.01791404
573846,14866.0,United Kingdom,0,0,0.015534428
578356,14866.0,United Kingdom,0,0,0.03411916
579339,14866.0,United Kingdom,0,0,0.06960246
574737,14868.0,United Kingdom,0,0,0.0006345514
C576231,14868.0,United Kingdom,1,1,0.9810126
577333,14868.0,United Kingdom,0,0,0.0047750976
580963,14868.0,United Kingdom,0,0,0.0010160572
580044,14869.0,United Kingdom,0,0,0.0008053865
C580769,14869.0,United Kingdom,1,1,0.9743413
580914,14871.0,United Kingdom,0,0,0.00020285133
C579748,14875.0,United Kingdom,1,1,0.85491455
574279,14878.0,United Kingdom,0,0,0.0041188076
578855,14878.0,United Kingdom,0,0,0.0072801844
577429,14881.0,United Kingdom,0,0,0.0023739573
574586,14882.0,United Kingdom,0,0,0.0020240867
575968,14882.0,United Kingdom,0,0,0.028286094
C569939,14883.0,United Kingdom,1,1,0.9693067
573484,14883.0,United Kingdom,0,0,0.020412132
577617,14883.0,United Kingdom,0,0,0.016314687
579091,14893.0,United Kingdom,0,0,0.00032074042
579666,14893.0,United Kingdom,0,0,0.008430096
572511,14895.0,United Kingdom,0,0,0.0016173866
C572831,14895.0,United Kingdom,1,1,0.8185991
573388,14895.0,United Kingdom,0,0,0.0010252319
573389,14895.0,United Kingdom,0,0,0.2901225
575504,14895.0,United Kingdom,0,0,0.0029377954
580140,14895.0,United Kingdom,0,0,0.0020820166
580141,14895.0,United Kingdom,0,0,0.21363254
580142,14895.0,United Kingdom,0,0,0.06895302
571560,14897.0,United Kingdom,0,0,0.0004301085
580156,14897.0,United Kingdom,0,0,0.0009222734
576830,14898.0,United Kingdom,0,0,0.005450766
574966,14901.0,United Kingdom,0,0,0.006372604
579255,14901.0,United Kingdom,0,0,0.022653738
576112,14902.0,United Kingdom,0,0,0.0005568702
C577394,14902.0,United Kingdom,1,1,0.91538966
577359,14903.0,United Kingdom,0,0,0.00013775863
576095,14904.0,United Kingdom,0,0,0.0006410766
581133,14904.0,United Kingdom,0,0,7.3439005e-05
C569942,14907.0,United Kingdom,1,1,0.9220687
575877,14907.0,United Kingdom,0,0,0.00028597427
C576870,14907.0,United Kingdom,1,1,0.94883764
580939,14907.0,United Kingdom,0,0,0.0017887608
571263,14910.0,United Kingdom,0,0,0.0014360141
C572110,14910.0,United Kingdom,1,1,0.9676116
575045,14910.0,United Kingdom,0,0,0.02042459
C576227,14910.0,United Kingdom,1,1,0.97878987
576361,14910.0,United Kingdom,0,0,0.45933977
C576360,14910.0,United Kingdom,1,0,0.4724503
581017,14910.0,United Kingdom,0,0,0.0040641557
569739,14911.0,EIRE,0,0,0.0021902411
570016,14911.0,EIRE,0,0,0.0007220756
570388,14911.0,EIRE,0,0,0.0035762868
C570484,14911.0,EIRE,1,0,0.4639163
570485,14911.0,EIRE,0,0,0.48727122
570651,14911.0,EIRE,0,0,0.016568111
570657,14911.0,EIRE,0,0,0.06541591
570674,14911.0,EIRE,0,0,0.0029737712
570694,14911.0,EIRE,0,0,0.0070889634
570703,14911.0,EIRE,0,0,0.001730325
570706,14911.0,EIRE,0,1,0.9222288
C570828,14911.0,EIRE,1,0,0.012608317
C570831,14911.0,EIRE,1,0,0.2377474
570839,14911.0,EIRE,0,0,0.006251441
571377,14911.0,EIRE,0,0,0.022888726
571409,14911.0,EIRE,0,0,0.0045891237
571425,14911.0,EIRE,0,0,0.0031450344
571446,14911.0,EIRE,0,0,0.049684837
571447,14911.0,EIRE,0,0,0.2707586
571559,14911.0,EIRE,0,0,0.0021906788
571745,14911.0,EIRE,0,0,0.0018426086
571937,14911.0,EIRE,0,0,0.011954063
572069,14911.0,EIRE,0,0,0.00048097348
C572120,14911.0,EIRE,1,1,0.66758996
572127,14911.0,EIRE,0,0,0.0009583936
572459,14911.0,EIRE,0,0,0.006866005
C573021,14911.0,EIRE,1,1,0.85200167
573391,14911.0,EIRE,0,0,0.00046962203
573581,14911.0,EIRE,0,0,0.0021557207
573748,14911.0,EIRE,0,0,0.010228158
573892,14911.0,EIRE,0,0,0.0025109332
C574078,14911.0,EIRE,1,1,0.990428
574745,14911.0,EIRE,0,0,0.027475365
574874,14911.0,EIRE,0,0,0.01070964
574938,14911.0,EIRE,0,0,0.29383516
C575079,14911.0,EIRE,1,1,0.9208301
C575160,14911.0,EIRE,1,1,0.95078135
C575327,14911.0,EIRE,1,1,0.816522
575486,14911.0,EIRE,0,0,0.14385031
575728,14911.0,EIRE,0,0,0.0024453215
575751,14911.0,EIRE,0,0,0.009831652
575871,14911.0,EIRE,0,0,0.0012315378
575933,14911.0,EIRE,0,0,0.08925333
576051,14911.0,EIRE,0,0,0.0028150359
576141,14911.0,EIRE,0,0,0.003094581
576371,14911.0,EIRE,0,0,0.0037430192
576595,14911.0,EIRE,0,0,0.0038317097
576596,14911.0,EIRE,0,0,0.10044917
576603,14911.0,EIRE,0,0,0.0025585748
576880,14911.0,EIRE,0,0,0.011828454
576899,14911.0,EIRE,0,0,0.0017353739
577061,14911.0,EIRE,0,0,0.0026038515
577355,14911.0,EIRE,0,0,0.0010608333
C577388,14911.0,EIRE,1,1,0.63953215
577479,14911.0,EIRE,0,0,0.00052013586
577607,14911.0,EIRE,0,0,0.090874024
577613,14911.0,EIRE,0,0,0.0040877806
C577828,14911.0,EIRE,1,0,0.4322202
577850,14911.0,EIRE,0,0,0.0054562874
578054,14911.0,EIRE,0,0,0.0018565332
578093,14911.0,EIRE,0,0,0.0216306
578105,14911.0,EIRE,0,0,0.005951176
578331,14911.0,EIRE,0,0,0.0046197
578792,14911.0,EIRE,0,0,0.007398852
578994,14911.0,EIRE,0,0,0.002870184
579069,14911.0,EIRE,0,0,0.0088259885
579102,14911.0,EIRE,0,0,0.002902349
579539,14911.0,EIRE,0,0,0.006784085
579768,14911.0,EIRE,0,0,0.0022715698
579910,14911.0,EIRE,0,0,0.0008018845
C580056,14911.0,EIRE,1,1,0.8802871
580127,14911.0,EIRE,0,0,0.012285594
580528,14911.0,EIRE,0,0,0.0007008871
580555,14911.0,EIRE,0,0,0.002067357
580557,14911.0,EIRE,0,0,0.23875108
581003,14911.0,EIRE,0,0,0.002120965
581006,14911.0,EIRE,0,0,0.01411074
581098,14911.0,EIRE,0,0,0.011301562
581433,14911.0,EIRE,0,0,0.001171419
578108,14912.0,Italy,0,0,0.00014786991
C578239,14912.0,Italy,1,1,0.7396416
574326,14913.0,United Kingdom,0,0,0.0006764805
575318,14921.0,United Kingdom,0,0,0.00028591865
572030,14923.0,United Kingdom,0,0,0.00029071633
574940,14929.0,United Kingdom,0,0,0.036188785
576904,14931.0,Channel Islands,0,0,0.0017215491
580558,14931.0,Channel Islands,0,0,0.019043287
569556,14936.0,Channel Islands,0,0,0.00040753116
569557,14936.0,Channel Islands,0,0,0.1086672
569558,14936.0,Channel Islands,0,0,0.0065261745
574587,14936.0,Channel Islands,0,0,0.001019327
574588,14936.0,Channel Islands,0,0,0.19266845
C579764,14936.0,Channel Islands,1,1,0.8538636
571201,14937.0,Channel Islands,0,0,0.0006775228
571202,14937.0,Channel Islands,0,0,0.21900319
C569956,14944.0,United Kingdom,1,1,0.85703677
575495,14944.0,United Kingdom,0,0,0.0013787118
575496,14944.0,United Kingdom,0,0,0.124843076
575497,14944.0,United Kingdom,0,0,0.14187557
578813,14946.0,United Kingdom,0,0,0.009748198
C575044,14948.0,United Kingdom,1,0,0.3370267
576888,14948.0,United Kingdom,0,0,0.07852444
577530,14950.0,United Kingdom,0,0,0.000631097
C579932,14950.0,United Kingdom,1,1,0.9776258
570512,14952.0,United Kingdom,0,0,0.0035252
570513,14952.0,United Kingdom,0,0,0.022912184
C572485,14952.0,United Kingdom,1,1,0.91916525
576321,14953.0,United Kingdom,0,0,0.00028622738
578949,14954.0,United Kingdom,0,0,0.000100512814
569948,14959.0,United Kingdom,0,0,0.0039908774
C570687,14959.0,United Kingdom,1,1,0.98205364
580050,14960.0,United Kingdom,0,0,0.0039206627
579267,14961.0,United Kingdom,0,0,0.0004868762
570983,14963.0,United Kingdom,0,0,0.00034379555
574682,14963.0,United Kingdom,0,0,0.00026835233
577698,14963.0,United Kingdom,0,0,0.0015293603
579629,14963.0,United Kingdom,0,0,0.004420042
578790,14966.0,United Kingdom,0,0,0.00090348814
572188,14967.0,United Kingdom,0,0,0.0028157346
575336,14968.0,United Kingdom,0,0,0.0003201386
569221,14970.0,United Kingdom,0,0,0.00041671807
573029,14971.0,United Kingdom,0,0,0.00019065259
574575,14971.0,United Kingdom,0,0,0.00022824257
574576,14971.0,United Kingdom,0,0,0.14755274
574040,14974.0,United Kingdom,0,0,0.0013339993
571055,14975.0,United Kingdom,0,0,0.0019627223
571106,14976.0,United Kingdom,0,0,0.0014198107
571109,14976.0,United Kingdom,0,0,0.25482464
571111,14976.0,United Kingdom,0,0,0.28479284
577540,14984.0,United Kingdom,0,0,0.00038052574
578351,14987.0,United Kingdom,0,0,0.004947265
573841,14995.0,United Kingdom,0,0,0.00049715233
C570573,14997.0,United Kingdom,1,1,0.80111134
572466,14997.0,United Kingdom,0,0,0.0051351706
572283,15000.0,United Kingdom,0,0,3.3990895e-05
570111,15005.0,United Kingdom,0,0,0.00057643675
571031,15005.0,United Kingdom,0,0,0.001122907
572866,15005.0,United Kingdom,0,0,0.0057047466
C575035,15005.0,United Kingdom,1,1,0.8419813
575039,15005.0,United Kingdom,0,0,0.0003552716
576065,15005.0,United Kingdom,0,0,0.00048632958
578445,15005.0,United Kingdom,0,0,0.002697501
571909,15006.0,United Kingdom,0,0,6.148081e-05
576364,15009.0,United Kingdom,0,0,0.0006273838
577469,15009.0,United Kingdom,0,0,0.00016640968
578943,15009.0,United Kingdom,0,0,0.004288902
574480,15010.0,United Kingdom,0,0,0.001843176
571408,15012.0,United Kingdom,0,0,0.0011910485
573150,15014.0,United Kingdom,0,0,0.0023001267
574589,15017.0,United Kingdom,0,0,0.0011626917
573875,15018.0,United Kingdom,0,0,0.00059957925
575958,15021.0,United Kingdom,0,1,0.7315561
575964,15021.0,United Kingdom,0,0,0.00051817554
C579944,15021.0,United Kingdom,1,1,0.89057004
580025,15021.0,United Kingdom,0,0,0.0010591858
572312,15022.0,United Kingdom,0,0,0.00046336907
576045,15022.0,United Kingdom,0,0,0.0006489287
576050,15022.0,United Kingdom,0,1,0.5418311
579132,15022.0,United Kingdom,0,0,0.0008966633
573138,15023.0,United Kingdom,0,0,0.0005705049
573695,15023.0,United Kingdom,0,0,0.059266225
580997,15023.0,United Kingdom,0,0,0.0005280615
570634,15024.0,United Kingdom,0,0,0.0015031183
570642,15024.0,United Kingdom,0,0,0.02552075
575842,15024.0,United Kingdom,0,0,0.0025089765
579605,15024.0,United Kingdom,0,0,0.00415123
579612,15024.0,United Kingdom,0,1,0.6757438
574734,15025.0,United Kingdom,0,0,0.000115812945
575204,15027.0,United Kingdom,0,0,0.009240658
573183,15028.0,United Kingdom,0,0,0.000262521
573196,15028.0,United Kingdom,0,0,0.30387017
580074,15028.0,United Kingdom,0,0,0.0045703445
575490,15031.0,United Kingdom,0,0,0.0031280066
580667,15031.0,United Kingdom,0,0,0.0017183895
571475,15033.0,United Kingdom,0,0,0.00037052168
573579,15033.0,United Kingdom,0,0,0.0019099531
576228,15033.0,United Kingdom,0,0,0.0010353003
580637,15033.0,United Kingdom,0,0,0.0009156417
C575763,15034.0,United Kingdom,1,1,0.9106364
575867,15034.0,United Kingdom,0,0,0.00036033522
578427,15034.0,United Kingdom,0,0,0.029310359
569206,15038.0,United Kingdom,0,0,0.00092368526
570731,15038.0,United Kingdom,0,1,0.8902455
C573097,15038.0,United Kingdom,1,0,0.17717162
569580,15039.0,United Kingdom,0,0,0.017266234
569583,15039.0,United Kingdom,0,1,0.61982155
571809,15039.0,United Kingdom,0,0,0.006315777
573879,15039.0,United Kingdom,0,0,0.0014106197
575046,15039.0,United Kingdom,0,0,0.017008957
576190,15039.0,United Kingdom,0,0,0.010475781
578075,15039.0,United Kingdom,0,0,0.009153987
579560,15039.0,United Kingdom,0,0,0.0029986894
575125,15043.0,United Kingdom,0,0,0.0075614303
C569526,15044.0,United Kingdom,1,1,0.9888832
569535,15044.0,United Kingdom,0,0,0.0005190391
573551,15044.0,United Kingdom,0,0,0.0014805638
577519,15044.0,United Kingdom,0,0,0.00031655337
569471,15046.0,United Kingdom,0,0,0.0020177576
572519,15046.0,United Kingdom,0,0,0.01864158
575476,15046.0,United Kingdom,0,0,0.006686577
579807,15046.0,United Kingdom,0,0,0.0016844999
569688,15048.0,United Kingdom,0,0,0.012699466
C576325,15050.0,United Kingdom,1,0,0.40673625
576353,15050.0,United Kingdom,0,0,0.07646917
572227,15051.0,United Kingdom,0,0,7.864565e-05
576848,15051.0,United Kingdom,0,0,0.022626158
580619,15053.0,United Kingdom,0,0,0.0013496411
573387,15054.0,United Kingdom,0,0,0.00010464232
578954,15054.0,United Kingdom,0,0,0.00074168714
572106,15058.0,United Kingdom,0,0,0.059793677
576300,15058.0,United Kingdom,0,0,0.0012541697
576318,15058.0,United Kingdom,0,0,0.020873712
573332,15059.0,United Kingdom,0,0,0.002242595
573335,15059.0,United Kingdom,0,0,0.0017973217
579690,15060.0,United Kingdom,0,0,0.00020100914
579711,15060.0,United Kingdom,0,0,0.0010035832
579725,15060.0,United Kingdom,0,0,0.098372445
580069,15060.0,United Kingdom,0,0,0.047448646
569724,15061.0,United Kingdom,0,0,0.011903497
569725,15061.0,United Kingdom,0,0,0.044182688
572193,15061.0,United Kingdom,0,0,0.0022411793
574534,15061.0,United Kingdom,0,0,0.000603699
577487,15061.0,United Kingdom,0,0,0.0009155235
579284,15061.0,United Kingdom,0,0,0.0019000001
580873,15061.0,United Kingdom,0,0,0.009057819
573924,15065.0,United Kingdom,0,0,0.002364721
571438,15066.0,United Kingdom,0,0,0.00036653015
C574955,15066.0,United Kingdom,1,0,0.023491489
572517,15068.0,United Kingdom,0,0,8.467827e-05
579548,15073.0,United Kingdom,0,0,0.0013607712
571235,15078.0,United Kingdom,0,0,0.0016344409
571236,15078.0,United Kingdom,0,0,0.2509902
571237,15078.0,United Kingdom,0,0,0.29779458
574680,15078.0,United Kingdom,0,0,0.00066061306
579011,15078.0,United Kingdom,0,0,0.0018433268
580319,15078.0,United Kingdom,0,0,0.0076020947
580320,15078.0,United Kingdom,0,0,0.033022866
580321,15078.0,United Kingdom,0,0,0.06928929
569581,15081.0,United Kingdom,0,0,0.04587666
577103,15081.0,United Kingdom,0,0,0.029425152
569336,15088.0,United Kingdom,0,0,0.00082273595
C573098,15088.0,United Kingdom,1,1,0.90577483
577308,15088.0,United Kingdom,0,0,0.0025771544
572812,15089.0,United Kingdom,0,0,0.01191015
577072,15089.0,United Kingdom,0,0,0.025804454
579506,15089.0,United Kingdom,0,0,0.050451975
569327,15091.0,United Kingdom,0,0,0.0006953557
C571316,15091.0,United Kingdom,1,1,0.9692788
577732,15093.0,United Kingdom,0,0,0.0005305032
573175,15096.0,United Kingdom,0,0,0.005159036
580664,15097.0,United Kingdom,0,0,0.005839266
579939,15101.0,United Kingdom,0,0,0.0069460645
575136,15103.0,United Kingdom,0,0,0.00046440377
569369,15105.0,United Kingdom,0,0,0.0021371606
576392,15105.0,United Kingdom,0,0,0.0036872644
577796,15105.0,United Kingdom,0,0,0.0408879
577797,15105.0,United Kingdom,0,0,0.42926627
569677,15106.0,United Kingdom,0,0,0.00062056043
C571699,15106.0,United Kingdom,1,1,0.9283679
577814,15106.0,United Kingdom,0,0,0.0039299885
572764,15110.0,United Kingdom,0,0,0.00056840334
C574510,15110.0,United Kingdom,1,1,0.9308689
576660,15110.0,United Kingdom,0,0,0.0019986816
569401,15111.0,United Kingdom,0,0,9.8669065e-05
575700,15111.0,United Kingdom,0,0,0.0024590855
571289,15113.0,United Kingdom,0,0,0.00013471514
C576108,15113.0,United Kingdom,1,0,0.053016428
576111,15113.0,United Kingdom,0,0,0.0905732
579525,15113.0,United Kingdom,0,0,0.001217988
575367,15114.0,United Kingdom,0,0,0.0014749413
577756,15115.0,United Kingdom,0,0,0.0041069114
571017,15116.0,United Kingdom,0,0,0.0015814971
577985,15116.0,United Kingdom,0,0,0.0035418554
572098,15117.0,United Kingdom,0,0,0.0013833104
C578148,15117.0,United Kingdom,1,1,0.9691404
578154,15117.0,United Kingdom,0,1,0.58903736
578679,15117.0,United Kingdom,0,0,0.020507947
572093,15121.0,United Kingdom,0,0,0.00031708588
580279,15123.0,United Kingdom,0,0,0.0002680028
576914,15124.0,United Kingdom,0,0,0.0070979674
570265,15125.0,United Kingdom,0,0,0.044473723
570266,15125.0,United Kingdom,0,0,0.019248234
C570647,15125.0,United Kingdom,1,0,0.3194882
C573147,15125.0,United Kingdom,1,0,0.29294103
576253,15125.0,United Kingdom,0,0,0.009278247
569574,15127.0,United Kingdom,0,0,0.0013180721
570425,15128.0,United Kingdom,0,0,0.0020725233
572091,15129.0,United Kingdom,0,0,0.0016177533
571228,15132.0,United Kingdom,0,0,0.013517541
577802,15132.0,United Kingdom,0,1,0.8338838
572666,15134.0,United Kingdom,0,0,0.003112312
575297,15134.0,United Kingdom,0,0,0.005673183
578683,15134.0,United Kingdom,0,0,0.042795856
577092,15136.0,United Kingdom,0,0,0.0050069145
581118,15136.0,United Kingdom,0,0,0.006509504
581119,15136.0,United Kingdom,0,0,0.07344932
571683,15140.0,United Kingdom,0,0,0.0012339631
572458,15142.0,United Kingdom,0,0,0.00037140597
570863,15144.0,United Kingdom,0,0,0.0014876702
571706,15144.0,United Kingdom,0,0,0.06539988
573109,15144.0,United Kingdom,0,0,0.0024750081
576372,15144.0,United Kingdom,0,0,0.00331809
580101,15144.0,United Kingdom,0,0,0.0019562412
573019,15145.0,United Kingdom,0,0,0.00036782442
580728,15145.0,United Kingdom,0,0,0.030379975
579258,15148.0,United Kingdom,0,0,0.0012955323
574723,15150.0,United Kingdom,0,0,0.016845562
574749,15150.0,United Kingdom,0,0,0.0023449098
578011,15150.0,United Kingdom,0,0,0.0028654537
570256,15152.0,United Kingdom,0,0,0.0010059869
572237,15152.0,United Kingdom,0,0,0.00017212982
575330,15152.0,United Kingdom,0,0,0.0012315864
577475,15152.0,United Kingdom,0,0,0.0006213076
579442,15152.0,United Kingdom,0,0,0.009922103
579668,15152.0,United Kingdom,0,0,0.0076795
575167,15153.0,United Kingdom,0,0,0.010754422
574681,15156.0,United Kingdom,0,0,0.00022919422
580544,15156.0,United Kingdom,0,0,0.0024989876
581454,15156.0,United Kingdom,0,0,0.013392862
580816,15157.0,United Kingdom,0,0,0.0004918126
572683,15158.0,United Kingdom,0,0,0.0022705055
569383,15159.0,United Kingdom,0,0,0.0007724525
569384,15159.0,United Kingdom,0,0,0.057908226
569386,15159.0,United Kingdom,0,0,0.016197028
C571859,15159.0,United Kingdom,1,1,0.9625033
572064,15159.0,United Kingdom,0,0,0.42616183
572066,15159.0,United Kingdom,0,0,0.00085015444
C574515,15159.0,United Kingdom,1,1,0.9069502
575705,15159.0,United Kingdom,0,0,0.0013409249
577748,15159.0,United Kingdom,0,0,0.001901253
580669,15159.0,United Kingdom,0,0,0.004400871
580671,15159.0,United Kingdom,0,0,0.008909025
581333,15159.0,United Kingdom,0,0,0.043818798
577733,15163.0,United Kingdom,0,0,0.00083102955
569212,15164.0,United Kingdom,0,0,9.0695954e-05
576188,15168.0,United Kingdom,0,0,0.00787781
580024,15172.0,United Kingdom,0,0,0.0002635854
571426,15179.0,United Kingdom,0,0,0.0031192715
C572113,15179.0,United Kingdom,1,1,0.9639234
577729,15179.0,United Kingdom,0,0,0.0006450025
569515,15181.0,United Kingdom,0,0,0.013766603
575631,15184.0,United Kingdom,0,0,0.00068855064
578830,15186.0,United Kingdom,0,0,0.0010537023
572105,15187.0,United Kingdom,0,0,0.07242665
C574558,15187.0,United Kingdom,1,0,0.13339308
575180,15187.0,United Kingdom,0,0,0.03206928
577035,15187.0,United Kingdom,0,0,0.008275354
577830,15187.0,United Kingdom,0,0,0.02652821
578512,15187.0,United Kingdom,0,0,0.008354475
579916,15187.0,United Kingdom,0,0,0.02903386
579917,15187.0,United Kingdom,0,0,0.07394016
581327,15187.0,United Kingdom,0,0,0.007727245
573132,15189.0,United Kingdom,0,0,0.013507493
575190,15189.0,United Kingdom,0,0,0.004992558
577055,15189.0,United Kingdom,0,0,0.017404271
578230,15189.0,United Kingdom,0,0,0.06307633
579466,15189.0,United Kingdom,0,0,0.081294455
580104,15189.0,United Kingdom,0,0,0.012758136
580890,15189.0,United Kingdom,0,0,0.045016937
581396,15189.0,United Kingdom,0,0,0.02563989
570247,15193.0,United Kingdom,0,0,0.003916453
574962,15194.0,United Kingdom,0,0,0.0015324383
580972,15194.0,United Kingdom,0,0,0.00095791847
581115,15195.0,United Kingdom,0,0,0.031142306
579273,15197.0,United Kingdom,0,0,0.0010259676
C579890,15197.0,United Kingdom,1,1,0.71882164
570678,15199.0,United Kingdom,0,0,0.0033733565
576081,15203.0,United Kingdom,0,0,0.0006554555
579445,15206.0,United Kingdom,0,0,0.005209882
570183,15208.0,United Kingdom,0,0,0.00031627252
C570655,15208.0,United Kingdom,1,1,0.92176056
575131,15208.0,United Kingdom,0,0,0.0030493203
581448,15208.0,United Kingdom,0,0,0.006128239
570418,15211.0,United Kingdom,0,0,0.00043026888
570014,15214.0,United Kingdom,0,0,0.002225421
573770,15214.0,United Kingdom,0,0,0.009246291
576403,15214.0,United Kingdom,0,0,0.03923178
579464,15214.0,United Kingdom,0,0,0.027188236
581335,15214.0,United Kingdom,0,0,0.023669926
572353,15215.0,United Kingdom,0,0,0.0007386059
572354,15215.0,United Kingdom,0,0,0.36042124
C572855,15215.0,United Kingdom,1,1,0.7666354
571301,15218.0,United Kingdom,0,0,0.0033892435
579350,15218.0,United Kingdom,0,0,0.0005134952
571847,15220.0,United Kingdom,0,0,0.0006867481
574194,15227.0,United Kingdom,0,0,0.00082656625
574196,15227.0,United Kingdom,0,0,0.1479546
569514,15228.0,United Kingdom,0,0,0.0008600438
581223,15237.0,United Kingdom,0,0,0.015996533
575654,15238.0,United Kingdom,0,0,0.0017715304
C571023,15239.0,United Kingdom,1,1,0.94243306
579455,15239.0,United Kingdom,0,0,0.00071775337
572762,15240.0,United Kingdom,0,0,0.0008589415
569405,15241.0,United Kingdom,0,0,0.0043812157
569662,15244.0,United Kingdom,0,0,0.00044503788
569629,15249.0,United Kingdom,0,0,0.0003247512
575036,15249.0,United Kingdom,0,0,0.001049897
573356,15251.0,United Kingdom,0,0,0.011204197
573357,15251.0,United Kingdom,0,0,0.2704817
C575158,15251.0,United Kingdom,1,1,0.9892814
579759,15251.0,United Kingdom,0,0,0.009046322
574253,15252.0,United Kingdom,0,0,0.00045313148
578309,15253.0,United Kingdom,0,0,0.0354723
578311,15253.0,United Kingdom,0,0,0.25053608
569481,15255.0,United Kingdom,0,0,0.00012718934
569849,15264.0,United Kingdom,0,0,0.0012058457
570723,15267.0,United Kingdom,0,0,0.010287471
573231,15267.0,United Kingdom,0,0,0.2622616
577088,15267.0,United Kingdom,0,0,0.043160643
576635,15269.0,United Kingdom,0,0,0.025617402
578345,15270.0,United Kingdom,0,0,0.033685714
578346,15270.0,United Kingdom,0,0,0.07286572
571090,15271.0,United Kingdom,0,0,0.018339928
572475,15271.0,United Kingdom,0,0,0.00073584035
574234,15271.0,United Kingdom,0,0,0.054812737
C575161,15271.0,United Kingdom,1,1,0.9705851
575976,15271.0,United Kingdom,0,0,0.011728186
580301,15271.0,United Kingdom,0,0,0.0073704086
571040,15272.0,United Kingdom,0,0,0.003200773
577746,15274.0,United Kingdom,0,0,0.0005299369
580721,15274.0,United Kingdom,0,0,0.00448091
573992,15275.0,United Kingdom,0,0,8.358024e-05
C575173,15275.0,United Kingdom,1,1,0.96809155
569546,15276.0,United Kingdom,0,0,0.00018592308
572327,15277.0,United Kingdom,0,0,0.006277602
570697,15281.0,United Kingdom,0,0,0.004482491
572189,15286.0,United Kingdom,0,0,0.013922324
C573260,15287.0,United Kingdom,1,1,0.9603648
577083,15287.0,United Kingdom,0,0,0.0074128066
573133,15288.0,United Kingdom,0,0,0.0027920003
575639,15289.0,United Kingdom,0,0,0.014313263
573266,15290.0,United Kingdom,0,0,0.0013017773
C574291,15290.0,United Kingdom,1,0,0.1303262
575168,15290.0,United Kingdom,0,0,0.04852819
580116,15290.0,United Kingdom,0,0,0.0017453074
580606,15290.0,United Kingdom,0,0,0.41983932
580607,15290.0,United Kingdom,0,0,0.022496525
574513,15291.0,United Kingdom,0,0,0.0013430511
574884,15291.0,United Kingdom,0,0,0.08960941
576175,15291.0,United Kingdom,0,0,0.005245812
C571711,15296.0,United Kingdom,1,1,0.9693646
572028,15296.0,United Kingdom,0,0,0.0005166597
C572917,15296.0,United Kingdom,1,1,0.98775804
570010,15297.0,United Kingdom,0,0,0.0022927718
575660,15297.0,United Kingdom,0,0,0.012719983
C577381,15297.0,United Kingdom,1,1,0.92626786
579507,15297.0,United Kingdom,0,0,0.0125702685
573326,15298.0,United Kingdom,0,0,0.0002713874
573327,15298.0,United Kingdom,0,1,0.68441176
C576409,15298.0,United Kingdom,1,1,0.65882266
577031,15298.0,United Kingdom,0,0,0.0067160064
579279,15298.0,United Kingdom,0,0,0.0063726404
581194,15298.0,United Kingdom,0,0,0.016715938
569339,15299.0,United Kingdom,0,0,0.08251617
569340,15299.0,United Kingdom,0,0,0.18152145
569919,15300.0,United Kingdom,0,0,0.0020432675
C569320,15301.0,United Kingdom,1,1,0.93068516
571940,15301.0,United Kingdom,0,0,0.00038270414
570270,15304.0,United Kingdom,0,0,0.13018948
569833,15306.0,United Kingdom,0,0,0.0012672746
569330,15311.0,United Kingdom,0,0,0.0073625385
570096,15311.0,United Kingdom,0,0,0.003440616
C570203,15311.0,United Kingdom,1,0,0.027899327
570797,15311.0,United Kingdom,0,0,0.0026781603
571292,15311.0,United Kingdom,0,0,0.0004887331
571628,15311.0,United Kingdom,0,0,0.042693578
572217,15311.0,United Kingdom,0,0,0.0029382035
572885,15311.0,United Kingdom,0,0,0.0019204619
573275,15311.0,United Kingdom,0,0,0.0075677778
C573864,15311.0,United Kingdom,1,1,0.96747166
573865,15311.0,United Kingdom,0,0,0.04104078
574514,15311.0,United Kingdom,0,0,0.00086542586
575321,15311.0,United Kingdom,0,0,0.009020305
575919,15311.0,United Kingdom,0,0,0.001624032
C576561,15311.0,United Kingdom,1,0,0.2600388
576564,15311.0,United Kingdom,0,0,0.0347208
577321,15311.0,United Kingdom,0,0,0.01246159
578018,15311.0,United Kingdom,0,0,0.0002089297
578523,15311.0,United Kingdom,0,0,0.009007561
578819,15311.0,United Kingdom,0,0,0.004254423
C579415,15311.0,United Kingdom,1,1,0.9012379
579432,15311.0,United Kingdom,0,0,0.023330275
580284,15311.0,United Kingdom,0,0,0.0052749
C580886,15311.0,United Kingdom,1,1,0.97617096
580904,15311.0,United Kingdom,0,0,0.0035422912
C581568,15311.0,United Kingdom,1,1,0.9499976
581571,15311.0,United Kingdom,0,0,0.0055605173
569832,15315.0,United Kingdom,0,0,0.00055084366
580819,15318.0,United Kingdom,0,0,0.00032731332
572872,15320.0,United Kingdom,0,0,0.00087172276
C572226,15321.0,United Kingdom,1,0,0.19171423
C569996,15322.0,United Kingdom,1,0,0.06460698
571638,15327.0,United Kingdom,0,0,0.012397638
573632,15329.0,United Kingdom,0,0,0.0023478733
C574486,15329.0,United Kingdom,1,1,0.94930136
570356,15330.0,United Kingdom,0,0,0.0019322038
574942,15330.0,United Kingdom,0,0,0.024069661
571429,15335.0,United Kingdom,0,0,0.00023648098
C569421,15339.0,United Kingdom,1,1,0.8776148
569486,15339.0,United Kingdom,0,0,0.0002779149
C570012,15344.0,United Kingdom,1,1,0.95954126
574937,15344.0,United Kingdom,0,0,0.2590045
C576788,15344.0,United Kingdom,1,1,0.9468891
581500,15344.0,United Kingdom,0,0,0.25169653
572613,15345.0,United Kingdom,0,0,0.0010250366
C574507,15345.0,United Kingdom,1,1,0.93524283
C569682,15351.0,United Kingdom,1,1,0.7708477
569690,15351.0,United Kingdom,0,0,0.014070433
570673,15351.0,United Kingdom,0,0,0.03627341
571268,15351.0,United Kingdom,0,0,0.0065553836
574743,15351.0,United Kingdom,0,0,0.0038582599
C578932,15351.0,United Kingdom,1,1,0.8077834
578935,15351.0,United Kingdom,0,0,0.0038209665
571506,15355.0,United Kingdom,0,0,0.0066081895
575633,15355.0,United Kingdom,0,0,0.010784078
575074,15356.0,United Kingdom,0,0,0.0033764134
572213,15358.0,United Kingdom,0,0,0.0020729434
574521,15358.0,United Kingdom,0,0,0.0022197932
C575578,15358.0,United Kingdom,1,1,0.9748633
580541,15358.0,United Kingdom,0,0,0.0008575366
580542,15358.0,United Kingdom,0,0,0.07634019
573418,15360.0,United Kingdom,0,0,0.0022782702
C569982,15365.0,United Kingdom,1,0,0.45731342
C569985,15365.0,United Kingdom,1,0,0.0036677243
576084,15365.0,United Kingdom,0,1,0.6755156
576085,15365.0,United Kingdom,0,0,0.041606568
576086,15365.0,United Kingdom,0,0,0.013782311
571056,15367.0,United Kingdom,0,0,0.00032072942
571057,15367.0,United Kingdom,0,1,0.64271754
577334,15368.0,United Kingdom,0,0,0.0063870256
570510,15370.0,United Kingdom,0,0,0.40404525
573325,15370.0,United Kingdom,0,0,0.047624
576659,15373.0,United Kingdom,0,1,0.5781541
577610,15373.0,United Kingdom,0,0,0.0028460475
580098,15373.0,United Kingdom,0,0,0.002161757
573392,15376.0,United Kingdom,0,0,0.0006206906
572338,15380.0,United Kingdom,0,0,0.0015627369
580029,15380.0,United Kingdom,0,0,0.001745305
578702,15382.0,United Kingdom,0,0,0.0019152781
573395,15385.0,United Kingdom,0,0,0.00034233948
575323,15392.0,United Kingdom,0,0,0.00034761365
580596,15392.0,United Kingdom,0,0,0.015321053
578319,15393.0,United Kingdom,0,0,0.07407459
579572,15394.0,United Kingdom,0,0,0.0009607908
578317,15398.0,United Kingdom,0,0,0.0012965865
577074,15399.0,United Kingdom,0,0,0.012143497
581383,15399.0,United Kingdom,0,0,0.0020659282
575077,15406.0,United Kingdom,0,0,0.0012443662
C577159,15406.0,United Kingdom,1,0,0.49301153
C577781,15406.0,United Kingdom,1,1,0.96339124
574660,15407.0,United Kingdom,0,0,5.760494e-05
C572535,15411.0,United Kingdom,1,1,0.9579449
576059,15411.0,United Kingdom,0,0,0.0017674782
574072,15414.0,United Kingdom,0,0,0.00028807452
579535,15414.0,United Kingdom,0,0,0.0027374823
569728,15416.0,United Kingdom,0,0,0.00022183839
576380,15419.0,United Kingdom,0,0,0.013783153
570699,15421.0,United Kingdom,0,0,0.0014899189
573895,15423.0,United Kingdom,0,0,0.114872836
C574658,15426.0,United Kingdom,1,1,0.7355019
574701,15426.0,United Kingdom,0,0,0.00033410557
574703,15426.0,United Kingdom,0,0,0.016047275
577557,15426.0,United Kingdom,0,0,0.00019111397
572302,15427.0,United Kingdom,0,0,4.895605e-05
574710,15427.0,United Kingdom,0,0,0.00021731202
574714,15427.0,United Kingdom,0,0,9.514026e-05
578663,15428.0,United Kingdom,0,0,0.015744047
575960,15429.0,United Kingdom,0,0,0.00046130302
576874,15432.0,United Kingdom,0,0,0.0063379332
574945,15434.0,United Kingdom,0,0,0.0002999656
580065,15434.0,United Kingdom,0,0,0.003274803
577094,15435.0,United Kingdom,0,0,0.0005461945
572318,15436.0,United Kingdom,0,0,7.315788e-05
578998,15436.0,United Kingdom,0,0,0.003629504
571271,15440.0,United Kingdom,0,0,0.00012970601
572662,15443.0,United Kingdom,0,0,0.0016477493
576932,15443.0,United Kingdom,0,0,0.0029787235
578928,15443.0,United Kingdom,0,0,0.00018121667
581237,15443.0,United Kingdom,0,0,0.0020889055
573413,15444.0,United Kingdom,0,0,0.00020929317
579885,15444.0,United Kingdom,0,0,0.0009497603
576055,15449.0,United Kingdom,0,0,0.0005239332
575487,15450.0,United Kingdom,0,0,0.0017707066
575595,15452.0,United Kingdom,0,0,0.0046820003
571229,15453.0,United Kingdom,0,0,0.0019763187
574477,15453.0,United Kingdom,0,0,0.00035603243
581246,15453.0,United Kingdom,0,0,0.0004906448
576224,15458.0,United Kingdom,0,0,0.010326149
575618,15463.0,United Kingdom,0,0,0.009504171
570206,15465.0,United Kingdom,0,0,0.04431637
577402,15465.0,United Kingdom,0,0,0.0010629066
C579710,15467.0,United Kingdom,1,1,0.83194435
579712,15467.0,United Kingdom,0,0,0.0069014947
571857,15468.0,United Kingdom,0,0,0.00044353816
571863,15468.0,United Kingdom,0,1,0.61720175
C573030,15468.0,United Kingdom,1,1,0.9836918
C574494,15468.0,United Kingdom,1,1,0.9339718
572104,15469.0,United Kingdom,0,0,0.014362997
C573148,15469.0,United Kingdom,1,1,0.9610105
581149,15471.0,United Kingdom,0,0,0.00033268705
570280,15473.0,United Kingdom,0,0,0.0046373582
570441,15473.0,United Kingdom,0,0,0.19251211
570844,15473.0,United Kingdom,0,0,0.21035181
570848,15473.0,United Kingdom,0,0,0.18644327
570849,15473.0,United Kingdom,0,0,0.09073063
C570850,15473.0,United Kingdom,1,0,0.18644327
C570853,15473.0,United Kingdom,1,0,0.18644327
C570854,15473.0,United Kingdom,1,0,0.18644327
575920,15473.0,United Kingdom,0,0,0.12237115
578831,15473.0,United Kingdom,0,0,0.032834835
571184,15478.0,United Kingdom,0,0,0.00078809843
573384,15478.0,United Kingdom,0,0,0.00095993717
571179,15482.0,United Kingdom,0,1,0.61634976
572348,15482.0,United Kingdom,0,0,0.016571382
C572754,15482.0,United Kingdom,1,0,0.219167
572756,15482.0,United Kingdom,0,0,0.1601018
574319,15482.0,United Kingdom,0,0,0.018448027
C574322,15482.0,United Kingdom,1,0,0.3542941
C574584,15482.0,United Kingdom,1,0,0.046247333
576137,15482.0,United Kingdom,0,0,0.011687852
576172,15482.0,United Kingdom,0,0,0.011040617
578358,15482.0,United Kingdom,0,0,0.0026959572
C578363,15482.0,United Kingdom,1,0,0.005337481
578365,15482.0,United Kingdom,0,0,0.025492486
571193,15484.0,United Kingdom,0,0,0.0011083347
577800,15484.0,United Kingdom,0,0,0.0076394733
C579753,15484.0,United Kingdom,1,1,0.8402916
581419,15484.0,United Kingdom,0,0,0.00065879634
575340,15485.0,United Kingdom,0,0,0.00035017042
570910,15489.0,United Kingdom,0,0,0.00022797851
C573761,15489.0,United Kingdom,1,1,0.51290715
576900,15489.0,United Kingdom,0,0,0.0037990871
575897,15492.0,United Kingdom,0,0,0.0054929852
574839,15493.0,United Kingdom,0,0,0.0002687876
574852,15493.0,United Kingdom,0,0,0.01390997
577337,15494.0,United Kingdom,0,0,0.00035668505
577905,15497.0,United Kingdom,0,0,0.0014752685
571180,15498.0,United Kingdom,0,0,0.011913203
571181,15498.0,United Kingdom,0,0,0.08127926
C571639,15498.0,United Kingdom,1,1,0.95789343
573119,15498.0,United Kingdom,0,0,0.011726743
573121,15498.0,United Kingdom,0,0,0.22152089
578030,15498.0,United Kingdom,0,0,0.00065872597
581129,15498.0,United Kingdom,0,0,0.00023549008
C581499,15498.0,United Kingdom,1,1,0.8053799
575981,15500.0,United Kingdom,0,0,0.00019722657
577603,15500.0,United Kingdom,0,0,0.033103112
580071,15500.0,United Kingdom,0,0,0.037014283
569382,15502.0,United Kingdom,0,1,0.6187533
569389,15502.0,United Kingdom,0,1,0.8248898
C569390,15502.0,United Kingdom,1,1,0.8248898
C574922,15502.0,United Kingdom,1,0,0.002691983
576063,15502.0,United Kingdom,0,0,0.005851669
C577154,15502.0,United Kingdom,1,1,0.8397672
C578132,15502.0,United Kingdom,1,1,0.9834389
578480,15502.0,United Kingdom,0,0,0.006470797
C569990,15505.0,United Kingdom,1,0,0.14049324
571548,15505.0,United Kingdom,0,0,0.0004079463
572650,15506.0,United Kingdom,0,0,0.0009945594
577010,15506.0,United Kingdom,0,0,0.00023362561
571038,15511.0,United Kingdom,0,0,0.0046308325
572095,15511.0,United Kingdom,0,0,0.030492874
573915,15511.0,United Kingdom,0,0,0.0006685918
579012,15511.0,United Kingdom,0,0,0.0016833439
573320,15513.0,United Kingdom,0,0,0.0022627315
574718,15513.0,United Kingdom,0,0,0.002559289
C575159,15513.0,United Kingdom,1,1,0.8270895
574667,15514.0,United Kingdom,0,0,0.000199519
574668,15514.0,United Kingdom,0,1,0.54528797
576572,15514.0,United Kingdom,0,0,0.05209983
578667,15514.0,United Kingdom,0,0,0.003684648
578951,15514.0,United Kingdom,0,0,0.0122903
572350,15516.0,United Kingdom,0,0,0.1362656
572351,15516.0,United Kingdom,0,1,0.60580206
572792,15516.0,United Kingdom,0,1,0.93795425
569835,15518.0,United Kingdom,0,0,0.0008950684
581241,15520.0,United Kingdom,0,0,0.0016055829
573375,15521.0,United Kingdom,0,0,0.00026947685
C574083,15521.0,United Kingdom,1,1,0.92343384
C574259,15521.0,United Kingdom,1,0,0.16641697
574831,15522.0,United Kingdom,0,0,0.0025697849
576512,15524.0,United Kingdom,0,0,0.29010692
577938,15525.0,United Kingdom,0,0,0.002020625
581166,15525.0,United Kingdom,0,0,0.00034564856
C581178,15525.0,United Kingdom,1,0,0.39837167
574727,15526.0,United Kingdom,0,0,0.01619338
574729,15526.0,United Kingdom,0,1,0.56980056
573822,15527.0,United Kingdom,0,0,0.0014026138
C574254,15527.0,United Kingdom,1,1,0.9682437
577711,15527.0,United Kingdom,0,0,0.0020889968
569424,15529.0,United Kingdom,0,0,0.0003490096
C576919,15529.0,United Kingdom,1,1,0.8422067
576933,15529.0,United Kingdom,0,0,0.0013439225
577256,15530.0,United Kingdom,0,0,0.00014410327
575491,15531.0,United Kingdom,0,0,0.00025770746
580133,15531.0,United Kingdom,0,0,0.0011986603
576303,15532.0,United Kingdom,0,0,0.00016973089
C577486,15533.0,United Kingdom,1,1,0.89697796
577554,15533.0,United Kingdom,0,0,0.0007146717
580291,15539.0,United Kingdom,0,0,0.00020348206
579157,15540.0,United Kingdom,0,0,0.0023017665
575902,15544.0,United Kingdom,0,0,0.00084906194
579868,15544.0,United Kingdom,0,0,0.012255502
C579925,15544.0,United Kingdom,1,0,0.19414687
571282,15545.0,United Kingdom,0,0,0.00019537455
569228,15547.0,United Kingdom,0,0,0.00011608228
573397,15547.0,United Kingdom,0,0,0.0013281937
580272,15547.0,United Kingdom,0,0,0.00042794668
580688,15550.0,United Kingdom,0,0,0.002059892
574237,15551.0,United Kingdom,0,0,0.0001759909
570428,15553.0,United Kingdom,0,0,0.000121724566
569216,15555.0,United Kingdom,0,0,0.0002489886
570857,15555.0,United Kingdom,0,0,0.009367653
574673,15555.0,United Kingdom,0,0,0.00052971067
575339,15555.0,United Kingdom,0,0,0.00092434813
C578991,15555.0,United Kingdom,1,0,0.09742209
579001,15555.0,United Kingdom,0,0,0.00024704955
576609,15556.0,United Kingdom,0,0,0.0019469971
575870,15557.0,United Kingdom,0,0,0.00060156465
579096,15561.0,United Kingdom,0,0,0.0021585936
577029,15563.0,United Kingdom,0,0,0.00010904395
C577066,15563.0,United Kingdom,1,0,0.36598685
577068,15563.0,United Kingdom,0,0,0.38686404
C577345,15563.0,United Kingdom,1,1,0.6179649
C579930,15563.0,United Kingdom,1,1,0.9776087
572089,15565.0,United Kingdom,0,0,0.018172797
577669,15567.0,United Kingdom,0,0,0.014195688
572836,15568.0,United Kingdom,0,0,0.024722172
581074,15568.0,United Kingdom,0,0,0.0021896742
574269,15570.0,United Kingdom,0,0,0.000101466285
579493,15570.0,United Kingdom,0,0,0.001400439
580310,15570.0,United Kingdom,0,1,0.7080258
574654,15571.0,United Kingdom,0,0,0.0018070637
576625,15571.0,United Kingdom,0,0,0.26356605
579017,15571.0,United Kingdom,0,0,0.039952245
576181,15572.0,United Kingdom,0,0,0.00042311306
576200,15572.0,United Kingdom,0,0,0.0028421786
580552,15572.0,United Kingdom,0,0,0.00764331
575034,15573.0,United Kingdom,0,0,0.0041488786
574015,15576.0,United Kingdom,0,0,0.0003257537
569217,15579.0,United Kingdom,0,0,0.00067850173
576387,15582.0,United Kingdom,0,0,0.001514353
572287,15584.0,United Kingdom,0,0,0.0029820278
C576647,15584.0,United Kingdom,1,1,0.9813641
576654,15584.0,United Kingdom,0,0,0.002110238
572070,15587.0,United Kingdom,0,0,0.030155528
572321,15592.0,United Kingdom,0,0,0.0025426766
575480,15594.0,United Kingdom,0,0,0.0067325043
578334,15594.0,United Kingdom,0,0,0.051034234
574511,15597.0,United Kingdom,0,0,0.00020388914
C575577,15597.0,United Kingdom,1,1,0.97762257
571511,15598.0,United Kingdom,0,0,0.0183085
C572119,15598.0,United Kingdom,1,1,0.9178765
C574500,15598.0,United Kingdom,1,1,0.9158137
575942,15599.0,United Kingdom,0,0,0.00053385843
571219,15601.0,United Kingdom,0,0,0.0001964979
579182,15601.0,United Kingdom,0,0,0.00739749
575890,15602.0,United Kingdom,0,0,0.0067427247
577129,15602.0,United Kingdom,0,1,0.5547072
580076,15602.0,United Kingdom,0,0,0.012101184
571696,15604.0,United Kingdom,0,0,0.0071736956
574265,15605.0,United Kingdom,0,0,0.0004465607
C569994,15606.0,United Kingdom,1,0,0.0094192745
570243,15606.0,United Kingdom,0,0,0.0022066673
C571045,15606.0,United Kingdom,1,1,0.8464523
570416,15608.0,United Kingdom,0,0,0.003449218
570419,15608.0,United Kingdom,0,0,0.123203546
575876,15608.0,United Kingdom,0,0,0.014550833
571741,15610.0,United Kingdom,0,0,0.0034509166
C569940,15611.0,United Kingdom,1,1,0.90268207
573162,15611.0,United Kingdom,0,0,0.04827088
578130,15611.0,United Kingdom,0,0,0.022005443
579670,15611.0,United Kingdom,0,0,0.03261923
570220,15612.0,United Kingdom,0,0,0.01743304
574282,15612.0,United Kingdom,0,0,0.039508693
570167,15615.0,United Kingdom,0,0,0.0014560707
572657,15615.0,United Kingdom,0,0,0.0015541555
575141,15615.0,United Kingdom,0,0,0.00037923595
579461,15615.0,United Kingdom,0,0,0.0010132075
574747,15618.0,United Kingdom,0,0,0.00073332404
579257,15619.0,United Kingdom,0,0,0.0069148284
571205,15620.0,United Kingdom,0,0,0.00014164226
C572116,15620.0,United Kingdom,1,1,0.96047777
577209,15621.0,United Kingdom,0,0,0.009233135
579183,15621.0,United Kingdom,0,0,0.048482403
C579266,15621.0,United Kingdom,1,0,0.05031336
C580641,15621.0,United Kingdom,1,1,0.84520924
580656,15621.0,United Kingdom,0,0,0.017393218
580663,15621.0,United Kingdom,0,0,0.4708512
573131,15622.0,United Kingdom,0,0,0.0018017757
C580968,15622.0,United Kingdom,1,0,0.00056277507
569652,15628.0,United Kingdom,0,0,0.00096967805
572399,15628.0,United Kingdom,0,0,0.0016864577
576378,15628.0,United Kingdom,0,0,0.00060398906
580559,15628.0,United Kingdom,0,0,0.0054021375
572735,15630.0,United Kingdom,0,0,0.00015646813
570091,15632.0,United Kingdom,0,0,0.00042480338
C572481,15632.0,United Kingdom,1,0,0.018413976
578350,15632.0,United Kingdom,0,0,0.0063938196
578080,15634.0,United Kingdom,0,0,0.0065527232
571551,15637.0,United Kingdom,0,0,0.0023849425
574311,15640.0,United Kingdom,0,0,0.0022352184
578293,15640.0,United Kingdom,0,0,0.0012319443
580675,15640.0,United Kingdom,0,0,0.001274049
577695,15645.0,United Kingdom,0,0,8.748931e-05
574086,15651.0,United Kingdom,0,0,0.004343211
574087,15651.0,United Kingdom,0,0,0.019060155
576058,15654.0,United Kingdom,0,0,0.0015342868
579675,15654.0,United Kingdom,0,0,0.0013467663
572718,15656.0,United Kingdom,0,0,0.0012723961
577011,15657.0,United Kingdom,0,0,0.32763118
572926,15659.0,United Kingdom,0,0,0.0007543913
576357,15660.0,United Kingdom,0,0,0.010488987
576358,15660.0,United Kingdom,0,0,0.45503578
572021,15664.0,United Kingdom,0,0,0.00058556703
573464,15667.0,United Kingdom,0,0,0.0032439788
573410,15669.0,United Kingdom,0,0,0.013904928
576148,15671.0,United Kingdom,0,0,0.0006635968
577727,15671.0,United Kingdom,0,0,0.007452276
574532,15676.0,United Kingdom,0,0,9.985193e-05
577726,15676.0,United Kingdom,0,0,0.010880773
C579886,15676.0,United Kingdom,1,0,0.14932951
572242,15677.0,United Kingdom,0,0,0.00063904584
571557,15678.0,United Kingdom,0,0,0.0005919704
575481,15679.0,United Kingdom,0,0,0.00081451103
576610,15679.0,United Kingdom,0,0,0.28180018
573379,15680.0,United Kingdom,0,0,0.0001411675
579685,15680.0,United Kingdom,0,0,0.00080252474
575922,15681.0,United Kingdom,0,0,0.0031355363
576356,15681.0,United Kingdom,0,0,0.093785666
C577737,15681.0,United Kingdom,1,0,0.008406051
569675,15687.0,United Kingdom,0,0,0.0005519155
576655,15687.0,United Kingdom,0,0,0.00071964
576656,15687.0,United Kingdom,0,0,0.121712334
579899,15687.0,United Kingdom,0,0,0.008563126
580693,15690.0,United Kingdom,0,0,0.05703584
575891,15692.0,United Kingdom,0,0,0.0013568242
569407,15694.0,United Kingdom,0,0,0.00024085175
575685,15694.0,United Kingdom,0,0,0.005821218
576239,15694.0,United Kingdom,0,0,0.02465005
580132,15694.0,United Kingdom,0,0,0.008789052
581487,15694.0,United Kingdom,0,0,0.09060522
574704,15696.0,United Kingdom,0,0,0.00036023598
577807,15699.0,United Kingdom,0,0,0.00046567892
569224,15701.0,United Kingdom,0,0,0.0002448976
581165,15701.0,United Kingdom,0,0,0.00016541776
569822,15706.0,United Kingdom,0,0,0.120572194
570017,15706.0,United Kingdom,0,0,0.1722188
C570508,15706.0,United Kingdom,1,1,0.8152123
569894,15707.0,United Kingdom,0,0,0.0062836525
573094,15707.0,United Kingdom,0,0,0.00086804095
574536,15707.0,United Kingdom,0,0,0.00027749655
573323,15708.0,United Kingdom,0,0,0.00010392068
579693,15712.0,United Kingdom,0,0,0.002192078
579099,15714.0,United Kingdom,0,0,0.0011436614
570103,15719.0,United Kingdom,0,0,8.34443e-05
574863,15719.0,United Kingdom,0,0,0.00059398834
576593,15720.0,United Kingdom,0,0,0.0001585355
579124,15721.0,United Kingdom,0,0,0.00010697311
574445,15722.0,United Kingdom,0,0,0.0006676733
574446,15722.0,United Kingdom,0,0,0.40512013
578534,15725.0,United Kingdom,0,0,0.000438441
578244,15727.0,United Kingdom,0,0,0.00022449876
C572228,15728.0,United Kingdom,1,0,0.0073220367
569643,15730.0,United Kingdom,0,0,0.00041038194
576892,15737.0,United Kingdom,0,0,0.062993966
578708,15737.0,United Kingdom,0,0,0.48053905
570076,15738.0,United Kingdom,0,0,0.0017346076
573126,15738.0,United Kingdom,0,0,0.013987458
577599,15738.0,United Kingdom,0,0,0.0014177434
569494,15739.0,United Kingdom,0,0,0.0008848879
572230,15740.0,United Kingdom,0,0,0.0026900559
574046,15743.0,United Kingdom,0,0,0.0003069443
578323,15743.0,United Kingdom,0,0,0.002745411
C569957,15745.0,United Kingdom,1,1,0.9656781
574591,15745.0,United Kingdom,0,0,0.0007433978
577528,15745.0,United Kingdom,0,0,0.01384596
C579989,15745.0,United Kingdom,1,1,0.9789817
578927,15747.0,United Kingdom,0,0,0.0001515418
573360,15748.0,United Kingdom,0,0,0.0010167389
574009,15750.0,United Kingdom,0,0,0.00025978786
578677,15750.0,United Kingdom,0,0,0.007856982
581123,15750.0,United Kingdom,0,0,0.0017569988
573485,15752.0,United Kingdom,0,0,0.0016159844
571903,15754.0,United Kingdom,0,0,0.008200919
C572027,15754.0,United Kingdom,1,0,0.4693374
579467,15755.0,United Kingdom,0,0,0.0014545996
C581465,15755.0,United Kingdom,1,1,0.90885746
570229,15756.0,United Kingdom,0,0,0.0001306012
569637,15757.0,United Kingdom,0,0,0.00011091906
576398,15758.0,United Kingdom,0,0,0.0035763395
569705,15762.0,United Kingdom,0,0,0.14252132
574951,15763.0,United Kingdom,0,0,0.000542828
569918,15766.0,United Kingdom,0,0,0.014842961
569740,15769.0,United Kingdom,0,0,0.00039630293
C569743,15769.0,United Kingdom,1,0,0.01481777
569839,15769.0,United Kingdom,0,0,0.013511591
571298,15769.0,United Kingdom,0,0,0.009161763
573322,15769.0,United Kingdom,0,0,0.09365246
575255,15769.0,United Kingdom,0,0,0.014937681
580297,15769.0,United Kingdom,0,0,0.0015799694
580490,15773.0,United Kingdom,0,0,0.00073890475
569211,15774.0,United Kingdom,0,0,0.0010818945
576317,15781.0,United Kingdom,0,0,0.019374005
572128,15782.0,United Kingdom,0,0,0.00078934757
C572530,15782.0,United Kingdom,1,1,0.96778363
579551,15782.0,United Kingdom,0,0,0.0047835936
579270,15783.0,United Kingdom,0,0,0.008458183
574837,15785.0,United Kingdom,0,0,0.00035728046
C575590,15785.0,United Kingdom,1,1,0.8146172
572499,15786.0,United Kingdom,0,0,0.00011931027
572504,15786.0,United Kingdom,0,0,0.05150855
C572989,15786.0,United Kingdom,1,1,0.97322196
570223,15787.0,United Kingdom,0,0,4.2415348e-05
576052,15787.0,United Kingdom,0,0,0.0001553902
576054,15787.0,United Kingdom,0,0,0.0014501549
579465,15790.0,United Kingdom,0,0,0.0038115724
572932,15791.0,United Kingdom,0,0,0.00018213288
573483,15793.0,United Kingdom,0,0,0.0018181067
578689,15793.0,United Kingdom,0,0,0.0037998057
C579766,15793.0,United Kingdom,1,1,0.96692765
578031,15796.0,United Kingdom,0,0,0.00045838763
581472,15796.0,United Kingdom,0,0,0.0059826807
570459,15801.0,United Kingdom,0,0,0.00014863496
C571003,15801.0,United Kingdom,1,1,0.92636955
572487,15801.0,United Kingdom,0,0,0.101013884
571908,15803.0,United Kingdom,0,0,0.0013012642
569716,15804.0,United Kingdom,0,0,0.013208146
574081,15804.0,United Kingdom,0,0,0.0004154102
577697,15804.0,United Kingdom,0,0,0.019508397
C578110,15804.0,United Kingdom,1,1,0.9441167
579194,15804.0,United Kingdom,0,0,0.031819146
581585,15804.0,United Kingdom,0,0,0.0010020679
569825,15805.0,United Kingdom,0,0,0.0022627595
572652,15805.0,United Kingdom,0,0,0.00026733443
572654,15805.0,United Kingdom,0,0,0.104264244
574041,15805.0,United Kingdom,0,1,0.623275
574948,15805.0,United Kingdom,0,0,0.018784923
C575616,15805.0,United Kingdom,1,1,0.9124598
576875,15805.0,United Kingdom,0,0,0.03023369
572512,15806.0,United Kingdom,0,0,0.0011288874
572077,15807.0,United Kingdom,0,0,0.004440805
572078,15807.0,United Kingdom,0,0,0.18302594
574307,15809.0,United Kingdom,0,0,0.0026813415
C574473,15809.0,United Kingdom,1,0,0.009928063
577082,15811.0,United Kingdom,0,0,0.00030694343
C578061,15811.0,United Kingdom,1,1,0.94492024
571936,15814.0,United Kingdom,0,0,0.00022260752
572108,15814.0,United Kingdom,0,0,0.012313858
574278,15814.0,United Kingdom,0,0,0.0028704335
C575641,15814.0,United Kingdom,1,1,0.9268134
578100,15814.0,United Kingdom,0,0,0.0037517278
C580970,15814.0,United Kingdom,1,0,0.20323692
570117,15815.0,United Kingdom,0,0,0.004722052
572238,15819.0,United Kingdom,0,0,0.000646784
570228,15821.0,United Kingdom,0,0,0.000627522
572909,15821.0,United Kingdom,0,0,0.0011930617
580964,15822.0,United Kingdom,0,0,0.00016253372
571247,15826.0,United Kingdom,0,0,0.0005653589
571248,15826.0,United Kingdom,0,0,0.046800576
C571854,15826.0,United Kingdom,1,1,0.9806645
573937,15830.0,United Kingdom,0,0,0.0005452878
C575630,15830.0,United Kingdom,1,1,0.94446397
570827,15831.0,United Kingdom,0,0,0.0006379754
572908,15835.0,United Kingdom,0,0,0.0026137177
572107,15836.0,United Kingdom,0,0,0.006573637
C572736,15836.0,United Kingdom,1,1,0.9759329
569718,15837.0,United Kingdom,0,0,0.0006317487
569815,15838.0,United Kingdom,0,0,0.0016853196
576219,15838.0,United Kingdom,0,0,0.0005811218
576220,15838.0,United Kingdom,0,0,0.061996333
576221,15838.0,United Kingdom,0,0,0.31942996
579163,15838.0,United Kingdom,0,0,0.0018300741
579164,15838.0,United Kingdom,0,0,0.1694361
574702,15839.0,United Kingdom,0,0,0.0029540858
C575585,15839.0,United Kingdom,1,1,0.946534
C576232,15839.0,United Kingdom,1,1,0.94749457
570696,15840.0,United Kingdom,0,0,0.0070276763
C569953,15841.0,United Kingdom,1,1,0.96245384
572521,15844.0,United Kingdom,0,0,0.012723391
574345,15845.0,United Kingdom,0,0,0.00060748623
577824,15845.0,United Kingdom,0,0,0.0029412867
573899,15847.0,United Kingdom,0,0,0.0012809974
577536,15850.0,United Kingdom,0,0,0.00020170973
571743,15853.0,United Kingdom,0,0,0.0037528062
580654,15854.0,United Kingdom,0,0,0.0011013153
580655,15854.0,United Kingdom,0,0,0.11272051
569715,15856.0,United Kingdom,0,0,0.01809306
571231,15856.0,United Kingdom,0,0,0.0025581294
C571233,15856.0,United Kingdom,1,0,0.10303
571234,15856.0,United Kingdom,0,0,0.23452304
572753,15856.0,United Kingdom,0,0,0.028717443
580289,15856.0,United Kingdom,0,0,0.0010192367
580292,15856.0,United Kingdom,0,0,0.013660189
580357,15856.0,United Kingdom,0,0,0.0029890111
580662,15856.0,United Kingdom,0,0,0.017731905
580666,15856.0,United Kingdom,0,0,0.18289655
580723,15856.0,United Kingdom,0,0,0.005709528
577716,15857.0,United Kingdom,0,0,0.0010175606
570500,15858.0,United Kingdom,0,0,0.015782317
578479,15858.0,United Kingdom,0,0,0.00045108437
573331,15860.0,United Kingdom,0,0,0.02542449
572653,15861.0,United Kingdom,0,0,0.00013146445
576057,15861.0,United Kingdom,0,0,0.0052934345
576075,15861.0,United Kingdom,0,0,0.0003399082
577130,15861.0,United Kingdom,0,1,0.93070984
C577131,15861.0,United Kingdom,1,1,0.78808266
578995,15861.0,United Kingdom,0,0,0.00019550929
580062,15862.0,United Kingdom,0,0,0.000102298196
576214,15863.0,United Kingdom,0,0,0.014560585
569419,15864.0,United Kingdom,0,0,0.0033800048
575945,15864.0,United Kingdom,0,0,0.007438519
C577040,15864.0,United Kingdom,1,0,0.27186564
577041,15864.0,United Kingdom,0,0,0.2763514
573355,15865.0,United Kingdom,0,0,0.0067480886
577095,15867.0,United Kingdom,0,0,0.0048849466
580505,15867.0,United Kingdom,0,0,0.0004840059
C580507,15867.0,United Kingdom,1,0,0.468472
574826,15870.0,United Kingdom,0,0,0.0002848689
578781,15872.0,United Kingdom,0,0,4.40409e-05
578782,15872.0,United Kingdom,0,1,0.5502671
570113,15874.0,United Kingdom,0,0,0.0002729641
C570122,15874.0,United Kingdom,1,0,0.010664171
577855,15877.0,United Kingdom,0,0,0.0012015136
581325,15877.0,United Kingdom,0,0,0.024764914
C581330,15877.0,United Kingdom,1,0,0.15949981
574725,15883.0,United Kingdom,0,0,0.001321841
581192,15883.0,United Kingdom,0,0,0.041892573
570430,15886.0,United Kingdom,0,0,0.002875395
581421,15898.0,United Kingdom,0,0,0.00034758562
576690,15900.0,United Kingdom,0,0,0.00020853165
578250,15901.0,United Kingdom,0,0,0.0005080001
575915,15903.0,United Kingdom,0,0,0.0043870267
575978,15903.0,United Kingdom,0,0,0.023357539
579523,15903.0,United Kingdom,0,0,0.0066880845
580094,15904.0,United Kingdom,0,0,0.0003937591
569222,15906.0,United Kingdom,0,0,0.00017170132
577498,15906.0,United Kingdom,0,0,0.002011097
577499,15906.0,United Kingdom,0,0,0.2957922
580884,15907.0,United Kingdom,0,0,0.00010045254
569790,15910.0,United Kingdom,0,0,0.018158114
578664,15910.0,United Kingdom,0,0,0.0076106614
581502,15910.0,United Kingdom,0,0,0.012271356
C575385,15916.0,United Kingdom,1,1,0.7157871
575482,15916.0,United Kingdom,0,0,0.0011712952
578275,15916.0,United Kingdom,0,0,0.0021893159
577473,15919.0,United Kingdom,0,0,9.8137956e-05
569357,15930.0,United Kingdom,0,0,0.0012760207
580725,15932.0,United Kingdom,0,0,0.088788435
577309,15933.0,United Kingdom,0,0,0.00030110398
569892,15937.0,United Kingdom,0,0,0.0045443512
572923,15948.0,United Kingdom,0,0,0.00026133878
580107,15948.0,United Kingdom,0,0,0.0012085474
578107,15949.0,United Kingdom,0,0,0.04362017
575003,15950.0,United Kingdom,0,0,0.0008125985
C581235,15950.0,United Kingdom,1,1,0.900673
579900,15951.0,United Kingdom,0,0,0.00069595897
C581464,15951.0,United Kingdom,1,1,0.9484872
569218,15952.0,United Kingdom,0,0,0.0014738988
574619,15952.0,United Kingdom,0,0,0.0041883173
569683,15953.0,United Kingdom,0,0,0.00090931845
572297,15953.0,United Kingdom,0,0,0.008695842
C576243,15953.0,United Kingdom,1,1,0.97184104
576256,15953.0,United Kingdom,0,0,0.047999233
578623,15953.0,United Kingdom,0,0,0.056006525
569550,15955.0,United Kingdom,0,1,0.9133406
C569549,15955.0,United Kingdom,1,0,0.23771751
570669,15955.0,United Kingdom,0,0,0.004355276
573140,15955.0,United Kingdom,0,0,0.012448469
576581,15955.0,United Kingdom,0,0,0.0029139179
575051,15957.0,United Kingdom,0,0,0.0003498319
572667,15963.0,United Kingdom,0,0,0.0023809343
577478,15963.0,United Kingdom,0,0,0.0067928364
575760,15965.0,United Kingdom,0,0,0.00019518424
575764,15965.0,United Kingdom,0,0,0.1791298
578087,15965.0,United Kingdom,0,0,0.003737087
576851,15967.0,United Kingdom,0,0,0.0017239404
572122,15969.0,United Kingdom,0,0,0.0012496023
C579791,15969.0,United Kingdom,1,0,0.088755056
581058,15969.0,United Kingdom,0,0,0.1749277
569368,15971.0,United Kingdom,0,0,0.0044387793
571594,15971.0,United Kingdom,0,0,0.017337207
571595,15971.0,United Kingdom,0,0,0.015874552
578010,15971.0,United Kingdom,0,0,0.03106572
573546,15974.0,United Kingdom,0,0,0.0002913745
573666,15977.0,United Kingdom,0,0,0.0027023403
578027,15977.0,United Kingdom,0,0,0.0020291032
576370,15981.0,United Kingdom,0,0,0.0007014401
577108,15983.0,United Kingdom,0,0,0.0029349544
C580686,15984.0,United Kingdom,1,1,0.7405723
580697,15984.0,United Kingdom,0,0,0.0019511052
581108,15984.0,United Kingdom,0,0,0.040597737
575383,15986.0,United Kingdom,0,0,0.0043540066
578993,15987.0,United Kingdom,0,0,0.00026068007
577522,15988.0,United Kingdom,0,0,0.0005315454
572910,15990.0,United Kingdom,0,0,0.00043076236
580772,15992.0,United Kingdom,0,1,0.92492867
572913,15993.0,United Kingdom,0,0,0.00028175348
572921,15993.0,United Kingdom,0,0,0.00033654188
574741,15993.0,United Kingdom,0,0,0.00027971237
C576223,15993.0,United Kingdom,1,1,0.98563856
576255,15993.0,United Kingdom,0,0,0.000815896
578251,15993.0,United Kingdom,0,0,0.00032155975
C578342,15993.0,United Kingdom,1,1,0.6215907
C579945,15993.0,United Kingdom,1,1,0.9760919
579946,15993.0,United Kingdom,0,0,0.0022683977
579947,15993.0,United Kingdom,0,0,0.13993475
571275,15994.0,United Kingdom,0,0,0.00044036776
574240,15998.0,United Kingdom,0,0,0.001530278
581105,16000.0,United Kingdom,0,0,0.008339673
581107,16000.0,United Kingdom,0,0,0.05703047
581110,16000.0,United Kingdom,0,0,0.023445766
575499,16003.0,United Kingdom,0,0,0.00058103737
575500,16003.0,United Kingdom,0,0,0.0037760087
578944,16005.0,United Kingdom,0,0,0.00024962847
578946,16005.0,United Kingdom,0,0,0.0012921551
569220,16007.0,United Kingdom,0,0,8.405982e-05
572280,16007.0,United Kingdom,0,0,0.0006016189
576649,16008.0,United Kingdom,0,0,0.0045161466
573007,16009.0,United Kingdom,0,0,0.00021397138
574908,16009.0,United Kingdom,0,0,0.039048105
577100,16009.0,United Kingdom,0,0,0.4125918
573022,16011.0,United Kingdom,0,0,0.00877984
575604,16011.0,United Kingdom,0,0,0.02283165
580118,16011.0,United Kingdom,0,0,0.004774683
574509,16012.0,United Kingdom,0,0,0.0002538021
569338,16013.0,United Kingdom,0,0,0.012978141
569342,16013.0,United Kingdom,0,0,0.022991193
572765,16013.0,United Kingdom,0,0,0.005006765
572766,16013.0,United Kingdom,0,0,0.042345896
572845,16013.0,United Kingdom,0,0,0.13745277
572851,16013.0,United Kingdom,0,0,0.0828186
C575058,16013.0,United Kingdom,1,1,0.9609841
577718,16013.0,United Kingdom,0,0,0.0049991077
577719,16013.0,United Kingdom,0,0,0.01430052
577720,16013.0,United Kingdom,0,0,0.012499413
580178,16013.0,United Kingdom,0,0,0.007782639
580763,16013.0,United Kingdom,0,0,0.047414318
574017,16014.0,United Kingdom,0,0,0.0015408678
C574424,16014.0,United Kingdom,1,1,0.8413725
572216,16015.0,United Kingdom,0,0,7.0513684e-05
575952,16015.0,United Kingdom,0,0,0.0005135586
C575953,16015.0,United Kingdom,1,1,0.5229136
580771,16015.0,United Kingdom,0,0,0.0013848263
574321,16016.0,United Kingdom,0,0,0.015493324
C578673,16016.0,United Kingdom,1,1,0.8733364
578676,16016.0,United Kingdom,0,0,0.0059009455
580960,16016.0,United Kingdom,0,0,0.0018979135
572292,16017.0,United Kingdom,0,0,0.00087687816
573578,16018.0,United Kingdom,0,0,0.0039713453
571564,16019.0,United Kingdom,0,0,0.00011243967
572380,16019.0,United Kingdom,0,0,0.0028584744
C581228,16019.0,United Kingdom,1,0,0.0022546977
569671,16020.0,United Kingdom,0,0,0.0018254911
578150,16020.0,United Kingdom,0,1,0.7046805
578151,16020.0,United Kingdom,0,0,0.017967775
572544,16023.0,United Kingdom,0,0,0.0053346083
578941,16024.0,United Kingdom,0,0,0.00020287378
575576,16025.0,United Kingdom,0,0,0.00031425038
573066,16026.0,United Kingdom,0,0,0.0026606128
569649,16029.0,United Kingdom,0,0,0.0031690658
570092,16029.0,United Kingdom,0,0,0.01704411
570094,16029.0,United Kingdom,0,0,0.054726765
570097,16029.0,United Kingdom,0,0,0.029004853
570338,16029.0,United Kingdom,0,0,0.044768043
570522,16029.0,United Kingdom,0,0,0.008395549
C570552,16029.0,United Kingdom,1,0,0.008458919
C570556,16029.0,United Kingdom,1,0,0.02533373
570557,16029.0,United Kingdom,0,0,0.02514006
C571634,16029.0,United Kingdom,1,1,0.9674625
572878,16029.0,United Kingdom,0,0,0.042752687
573774,16029.0,United Kingdom,0,0,0.0065938965
569523,16033.0,United Kingdom,0,0,0.000396933
574700,16033.0,United Kingdom,0,0,0.0005252766
580482,16033.0,United Kingdom,0,0,0.00038378558
580261,16038.0,United Kingdom,0,0,0.006422276
569668,16040.0,United Kingdom,0,0,0.0004318243
575296,16041.0,United Kingdom,0,0,0.020145126
571047,16042.0,United Kingdom,0,0,0.0016799929
571048,16042.0,United Kingdom,0,0,0.056664225
577109,16042.0,United Kingdom,0,0,0.0155584235
574037,16043.0,United Kingdom,0,0,0.028168915
573300,16049.0,United Kingdom,0,0,0.00019731857
573369,16049.0,United Kingdom,0,0,0.0004080624
571288,16052.0,United Kingdom,0,0,7.542609e-05
574830,16053.0,United Kingdom,0,0,0.0003650187
572726,16056.0,United Kingdom,0,0,0.00017810056
578302,16057.0,United Kingdom,0,0,0.0003595287
C580711,16057.0,United Kingdom,1,1,0.9204167
569567,16059.0,United Kingdom,0,0,0.04414212
579623,16062.0,United Kingdom,0,0,0.0009918294
570215,16066.0,United Kingdom,0,0,0.00015982549
572279,16066.0,United Kingdom,0,0,0.0012668516
575037,16066.0,United Kingdom,0,0,0.0035070963
578229,16066.0,United Kingdom,0,0,0.004087303
574921,16070.0,United Kingdom,0,0,0.002604103
577086,16070.0,United Kingdom,0,0,0.0048304508
572811,16071.0,United Kingdom,0,0,0.0012180652
570600,16076.0,United Kingdom,0,0,0.0007696134
571436,16076.0,United Kingdom,0,0,0.036058005
577105,16076.0,United Kingdom,0,0,0.035972893
580969,16076.0,United Kingdom,0,0,0.009953189
573363,16079.0,United Kingdom,0,0,0.00019578928
576637,16079.0,United Kingdom,0,0,0.0031590073
578252,16079.0,United Kingdom,0,0,0.010880459
571216,16081.0,United Kingdom,0,0,0.0010097293
570876,16085.0,United Kingdom,0,0,0.0103369
576778,16085.0,United Kingdom,0,0,0.009951888
570648,16086.0,United Kingdom,0,0,0.004380741
575697,16094.0,United Kingdom,0,0,0.045960825
575698,16094.0,United Kingdom,0,0,0.00219338
579136,16094.0,United Kingdom,0,0,0.0029965746
572067,16099.0,United Kingdom,0,0,0.0038661908
C571346,16101.0,United Kingdom,1,1,0.8445835
C579871,16101.0,United Kingdom,1,1,0.9511201
573278,16102.0,United Kingdom,0,0,0.0016204626
580302,16103.0,United Kingdom,0,0,0.26611972
570208,16104.0,United Kingdom,0,0,0.0007883643
569575,16106.0,United Kingdom,0,0,0.00400438
573279,16107.0,United Kingdom,0,0,0.010289117
575866,16107.0,United Kingdom,0,0,0.0056649046
577823,16107.0,United Kingdom,0,0,0.028486816
572703,16110.0,United Kingdom,0,0,0.00010444613
573353,16115.0,United Kingdom,0,0,0.007294614
579561,16115.0,United Kingdom,0,0,0.0008606948
580100,16119.0,United Kingdom,0,0,0.012089605
570656,16120.0,United Kingdom,0,0,0.00093951775
C570658,16120.0,United Kingdom,1,0,0.2738171
570659,16120.0,United Kingdom,0,0,0.06962439
570662,16120.0,United Kingdom,0,0,0.3338968
570665,16120.0,United Kingdom,0,0,0.38016644
571039,16121.0,United Kingdom,0,0,7.6944656e-05
571728,16123.0,United Kingdom,0,0,0.0010602489
575687,16126.0,United Kingdom,0,0,0.00041782748
573564,16127.0,United Kingdom,0,0,0.0002940889
574102,16128.0,United Kingdom,0,0,0.0037457177
577854,16128.0,United Kingdom,0,0,0.014051975
571829,16131.0,United Kingdom,0,0,0.000838459
571830,16131.0,United Kingdom,0,0,0.18273133
C569992,16133.0,United Kingdom,1,0,0.19128166
570449,16133.0,United Kingdom,0,0,0.020159546
571504,16133.0,United Kingdom,0,0,0.030617088
573423,16133.0,United Kingdom,0,0,0.0020071953
C575608,16133.0,United Kingdom,1,1,0.6655988
575899,16133.0,United Kingdom,0,0,0.0016661523
578106,16133.0,United Kingdom,0,0,0.0025714047
580280,16133.0,United Kingdom,0,0,0.0067023775
580283,16133.0,United Kingdom,0,0,0.062291406
580808,16133.0,United Kingdom,0,0,0.004164302
577160,16134.0,United Kingdom,0,0,0.00079546956
570498,16136.0,United Kingdom,0,0,0.0032692405
577602,16139.0,United Kingdom,0,0,0.0006145753
569638,16140.0,United Kingdom,0,0,0.00022683131
C571619,16140.0,United Kingdom,1,1,0.9101714
C571625,16140.0,United Kingdom,1,1,0.7363554
580937,16143.0,United Kingdom,0,0,0.00048233545
573367,16145.0,United Kingdom,0,0,0.00023040958
579942,16145.0,United Kingdom,0,0,0.0017312453
580602,16149.0,United Kingdom,0,0,0.027060093
573265,16150.0,United Kingdom,0,0,0.0005851617
C573750,16150.0,United Kingdom,1,1,0.91399056
572183,16153.0,United Kingdom,0,0,0.0009830652
572125,16156.0,United Kingdom,0,0,0.01425965
576624,16156.0,United Kingdom,0,0,0.015554304
580046,16156.0,United Kingdom,0,0,0.00073765696
C571897,16157.0,United Kingdom,1,1,0.92989254
576663,16157.0,United Kingdom,0,0,0.024148777
578375,16157.0,United Kingdom,0,0,0.08583424
569679,16160.0,United Kingdom,0,0,0.018680679
C569952,16160.0,United Kingdom,1,1,0.8175377
C570683,16161.0,United Kingdom,1,0,0.49080136
570693,16161.0,United Kingdom,0,0,0.0011237218
576323,16161.0,United Kingdom,0,0,0.0052561956
C576324,16161.0,United Kingdom,1,0,0.276424
577025,16161.0,United Kingdom,0,0,0.004855445
578789,16161.0,United Kingdom,0,0,0.0037798928
581336,16161.0,United Kingdom,0,0,0.004388468
573165,16164.0,United Kingdom,0,0,0.002904352
C573771,16164.0,United Kingdom,1,1,0.95580924
576396,16164.0,United Kingdom,0,0,0.022407537
578056,16164.0,United Kingdom,0,0,0.006149386
571169,16168.0,United Kingdom,0,0,0.0116624
574665,16168.0,United Kingdom,0,0,0.039720733
574666,16168.0,United Kingdom,0,0,0.3747194
575415,16168.0,United Kingdom,0,0,0.088453956
576395,16168.0,United Kingdom,0,0,0.4431429
C577349,16168.0,United Kingdom,1,1,0.8182209
577771,16168.0,United Kingdom,0,0,0.30112967
578196,16168.0,United Kingdom,0,0,0.36341658
579410,16168.0,United Kingdom,0,0,0.14759573
573509,16169.0,United Kingdom,0,0,0.0008744098
575678,16169.0,United Kingdom,0,0,0.00041793982
580106,16169.0,United Kingdom,0,0,0.004684792
571934,16170.0,United Kingdom,0,0,0.0002279883
570671,16171.0,United Kingdom,0,0,0.018810691
572771,16173.0,United Kingdom,0,0,0.0061050686
573887,16173.0,United Kingdom,0,0,0.037263654
578366,16173.0,United Kingdom,0,0,0.0036462797
572062,16177.0,United Kingdom,0,0,0.00088554196
570254,16179.0,United Kingdom,0,0,0.010049138
569361,16183.0,United Kingdom,0,0,0.0020749962
569923,16184.0,United Kingdom,0,0,0.005242819
578114,16185.0,United Kingdom,0,0,0.002234728
569468,16186.0,United Kingdom,0,0,0.00036964618
572612,16186.0,United Kingdom,0,0,0.015345003
577023,16186.0,United Kingdom,0,0,0.00036093604
571733,16187.0,United Kingdom,0,0,0.0022729037
574953,16187.0,United Kingdom,0,0,0.0020223882
572848,16188.0,United Kingdom,0,0,0.0018074164
578384,16189.0,United Kingdom,0,0,0.054244637
573408,16190.0,United Kingdom,0,0,0.0021221177
571660,16191.0,United Kingdom,0,0,0.0006985219
571726,16191.0,United Kingdom,0,0,0.0028820098
C574503,16191.0,United Kingdom,1,1,0.92314994
576836,16191.0,United Kingdom,0,0,0.0033612472
C577889,16191.0,United Kingdom,1,1,0.8927809
C577892,16191.0,United Kingdom,1,1,0.6306102
C578368,16191.0,United Kingdom,1,0,0.09539122
579005,16191.0,United Kingdom,0,0,0.034707785
581068,16191.0,United Kingdom,0,0,0.07053619
580677,16200.0,United Kingdom,0,0,0.0002462878
572721,16201.0,United Kingdom,0,0,0.00032090774
577400,16201.0,United Kingdom,0,0,0.00361974
C578144,16201.0,United Kingdom,1,1,0.8502462
580981,16201.0,United Kingdom,0,0,0.00086782925
570799,16203.0,United Kingdom,0,0,0.0032128599
576784,16204.0,United Kingdom,0,0,0.00022854286
569302,16205.0,United Kingdom,0,0,0.00012877079
574082,16205.0,United Kingdom,0,0,0.023939703
575192,16205.0,United Kingdom,0,0,0.035823137
571260,16206.0,United Kingdom,0,0,0.019415308
576251,16207.0,United Kingdom,0,0,0.0013555276
572830,16208.0,United Kingdom,0,0,0.0007386411
570028,16210.0,United Kingdom,0,0,0.0094711995
574044,16210.0,United Kingdom,0,0,0.009584973
575213,16210.0,United Kingdom,0,0,0.021790393
578793,16210.0,United Kingdom,0,0,0.0023925593
579552,16210.0,United Kingdom,0,0,0.0024230476
581375,16210.0,United Kingdom,0,0,0.004301814
577514,16212.0,United Kingdom,0,0,0.0015745156
575501,16218.0,United Kingdom,0,0,0.0025941741
574170,16221.0,United Kingdom,0,0,7.0429545e-05
571117,16224.0,United Kingdom,0,0,0.0011255033
572760,16225.0,United Kingdom,0,0,0.0036366466
573006,16232.0,United Kingdom,0,0,0.0020338905
C574828,16232.0,United Kingdom,1,1,0.986054
573324,16235.0,United Kingdom,0,0,0.0018320499
571118,16239.0,United Kingdom,0,0,0.0134570915
576590,16240.0,United Kingdom,0,0,0.00014127765
C579877,16240.0,United Kingdom,1,1,0.9490783
C580072,16240.0,United Kingdom,1,1,0.55666476
570796,16241.0,United Kingdom,0,0,0.001212074
574919,16241.0,United Kingdom,0,0,0.05856648
579555,16241.0,United Kingdom,0,0,0.00030449135
569528,16242.0,United Kingdom,0,0,0.00049243576
574898,16242.0,United Kingdom,0,0,0.00025739046
577749,16242.0,United Kingdom,0,0,0.0012383072
580103,16242.0,United Kingdom,0,0,0.0012730325
571269,16243.0,United Kingdom,0,0,0.0015795422
574676,16243.0,United Kingdom,0,0,0.0015785401
C569986,16245.0,United Kingdom,1,1,0.5860937
576645,16245.0,United Kingdom,0,0,0.0006523525
570213,16248.0,United Kingdom,0,0,0.0039583556
571563,16249.0,United Kingdom,0,0,0.00065633777
569406,16253.0,United Kingdom,0,0,9.237787e-05
C575013,16253.0,United Kingdom,1,0,0.28511447
578248,16255.0,United Kingdom,0,0,0.00015607133
572676,16258.0,United Kingdom,0,0,0.00014573245
571939,16260.0,United Kingdom,0,0,0.0026444257
578094,16261.0,United Kingdom,0,0,0.0029396217
573074,16265.0,United Kingdom,0,0,0.008358691
579867,16265.0,United Kingdom,0,0,0.0014458039
578429,16271.0,United Kingdom,0,0,0.00033574103
581127,16271.0,United Kingdom,0,0,0.19667229
C576866,16278.0,United Kingdom,1,1,0.91688925
577341,16279.0,United Kingdom,0,0,0.00018136068
569223,16283.0,United Kingdom,0,0,0.0003120807
C580392,16283.0,United Kingdom,1,0,0.27992105
580419,16283.0,United Kingdom,0,0,0.070355885
572074,16284.0,United Kingdom,0,0,0.00014000939
575152,16284.0,United Kingdom,0,0,0.0004751454
572232,16293.0,United Kingdom,0,0,0.0013043588
572234,16293.0,United Kingdom,0,0,0.11735347
572235,16293.0,United Kingdom,0,0,0.041684575
577158,16293.0,United Kingdom,0,0,0.0035404759
C579924,16293.0,United Kingdom,1,1,0.9508179
569737,16295.0,United Kingdom,0,0,0.0027868117
570829,16295.0,United Kingdom,0,0,0.0042247036
576575,16295.0,United Kingdom,0,0,0.0010488399
579524,16295.0,United Kingdom,0,0,0.0038135718
571732,16298.0,United Kingdom,0,0,0.000548491
576995,16298.0,United Kingdom,0,0,0.0055255243
576147,16303.0,United Kingdom,0,0,0.0017120774
573995,16308.0,United Kingdom,0,0,0.018156528
572218,16311.0,United Kingdom,0,0,0.00040303025
577811,16311.0,United Kingdom,0,0,0.0052580684
572126,16313.0,United Kingdom,0,0,0.0026839057
580905,16313.0,United Kingdom,0,0,0.0058868895
569848,16316.0,United Kingdom,0,0,0.0033930487
574491,16318.0,United Kingdom,0,0,0.00035930323
574273,16322.0,United Kingdom,0,0,0.0008651822
581429,16322.0,United Kingdom,0,0,0.002240412
572320,16325.0,United Kingdom,0,0,0.003610288
C572916,16325.0,United Kingdom,1,1,0.82751167
C570207,16326.0,United Kingdom,1,1,0.8029262
570209,16326.0,United Kingdom,0,0,0.0013364218
572278,16326.0,United Kingdom,0,0,0.0055427765
574629,16326.0,United Kingdom,0,0,0.00047446112
578420,16326.0,United Kingdom,0,0,0.0048059607
580385,16326.0,United Kingdom,0,0,0.0065171625
578808,16327.0,United Kingdom,0,0,0.00021771064
577980,16330.0,United Kingdom,0,0,0.001330863
570238,16332.0,United Kingdom,0,0,0.00077229645
572901,16332.0,United Kingdom,0,0,0.003954703
575892,16332.0,United Kingdom,0,0,0.016661813
569492,16333.0,United Kingdom,0,0,0.00815451
574294,16333.0,United Kingdom,0,0,0.018445754
580235,16333.0,United Kingdom,0,0,0.013673095
580243,16333.0,United Kingdom,0,0,0.13070635
574098,16337.0,United Kingdom,0,0,0.0047001676
576376,16341.0,United Kingdom,0,0,0.0014394767
576377,16341.0,United Kingdom,0,0,0.032795608
578325,16343.0,United Kingdom,0,0,0.009761722
578326,16343.0,United Kingdom,0,0,0.081587546
572911,16345.0,United Kingdom,0,0,0.00061393366
574249,16347.0,United Kingdom,0,0,0.00024489037
579146,16347.0,United Kingdom,0,0,0.0017488493
574080,16348.0,United Kingdom,0,0,0.0031364174
574910,16348.0,United Kingdom,0,0,0.06290168
569729,16350.0,United Kingdom,0,0,0.00085393334
577356,16350.0,United Kingdom,0,0,0.009987577
573921,16352.0,United Kingdom,0,0,0.0065218904
577838,16352.0,United Kingdom,0,0,0.003155992
569203,16353.0,United Kingdom,0,0,0.037047192
572518,16353.0,United Kingdom,0,0,0.049672805
574888,16353.0,United Kingdom,0,0,0.0038655482
574889,16353.0,United Kingdom,0,0,0.03928833
577842,16353.0,United Kingdom,0,0,0.00316082
577843,16353.0,United Kingdom,0,0,0.086354114
580189,16353.0,United Kingdom,0,0,0.048171107
580885,16353.0,United Kingdom,0,0,0.09216364
570181,16354.0,United Kingdom,0,1,0.896072
574739,16357.0,United Kingdom,0,0,0.00060857105
570036,16358.0,United Kingdom,0,0,0.00083571236
581420,16358.0,United Kingdom,0,0,0.00091021473
569658,16359.0,United Kingdom,0,0,0.048739046
580372,16359.0,United Kingdom,0,0,0.0013019119
569469,16360.0,United Kingdom,0,0,0.00044040405
C573779,16360.0,United Kingdom,1,1,0.7023778
573876,16360.0,United Kingdom,0,0,0.0004130258
577485,16360.0,United Kingdom,0,0,0.00019331361
C580597,16360.0,United Kingdom,1,1,0.9124544
580632,16360.0,United Kingdom,0,0,0.00020100495
573366,16361.0,United Kingdom,0,0,0.003092697
576518,16361.0,United Kingdom,0,0,0.0060253916
579667,16361.0,United Kingdom,0,0,0.009006403
C569553,16362.0,United Kingdom,1,1,0.9451272
570664,16362.0,United Kingdom,0,0,0.010651249
574873,16362.0,United Kingdom,0,0,0.008190016
571462,16363.0,United Kingdom,0,0,0.0063734227
579101,16364.0,United Kingdom,0,0,0.0006642507
574075,16365.0,United Kingdom,0,0,0.0015696678
577858,16365.0,United Kingdom,0,0,0.01248553
577597,16366.0,United Kingdom,0,0,0.0007597357
574043,16367.0,United Kingdom,0,0,0.00015014218
575898,16368.0,United Kingdom,0,0,0.0008634692
581134,16368.0,United Kingdom,0,0,0.0063877036
577785,16369.0,United Kingdom,0,0,0.0001776948
574683,16372.0,United Kingdom,0,0,0.0002594537
574689,16372.0,United Kingdom,0,1,0.6233062
569533,16374.0,United Kingdom,0,0,6.0453054e-05
578088,16376.0,United Kingdom,0,0,0.0003621624
C579948,16376.0,United Kingdom,1,1,0.9924706
580005,16376.0,United Kingdom,0,0,0.0047405832
574053,16379.0,United Kingdom,0,0,0.0002787779
C575157,16379.0,United Kingdom,1,1,0.96256846
577769,16379.0,United Kingdom,0,0,0.002796788
580687,16379.0,United Kingdom,0,0,0.00094962964
570242,16380.0,United Kingdom,0,0,0.00027312548
570412,16385.0,United Kingdom,0,0,0.0028719706
575856,16386.0,United Kingdom,0,0,0.0004189738
571474,16389.0,United Kingdom,0,0,0.0028161497
C571635,16393.0,United Kingdom,1,1,0.94200826
571656,16393.0,United Kingdom,0,0,0.020286353
C576670,16393.0,United Kingdom,1,1,0.86107385
576677,16393.0,United Kingdom,0,0,0.009916343
C579140,16393.0,United Kingdom,1,1,0.9477112
579162,16393.0,United Kingdom,0,0,0.033298414
C581117,16393.0,United Kingdom,1,1,0.9283045
581131,16393.0,United Kingdom,0,0,0.025394686
C569951,16394.0,United Kingdom,1,1,0.6059099
571125,16394.0,United Kingdom,0,0,0.006382334
C572115,16394.0,United Kingdom,1,1,0.83833015
570404,16395.0,United Kingdom,0,0,0.0008350504
577595,16399.0,United Kingdom,0,0,0.000962671
C569554,16401.0,United Kingdom,1,1,0.9355363
572664,16401.0,United Kingdom,0,0,0.0014976171
576094,16401.0,United Kingdom,0,0,0.0019877544
578805,16401.0,United Kingdom,0,0,0.00094786467
581453,16401.0,United Kingdom,0,0,0.004138908
577696,16406.0,United Kingdom,0,0,0.00022698862
578851,16407.0,United Kingdom,0,0,0.0012847981
574308,16409.0,United Kingdom,0,0,0.00015226458
577521,16411.0,United Kingdom,0,0,0.001975225
571418,16412.0,United Kingdom,0,0,0.002277285
571197,16413.0,United Kingdom,0,0,0.0005374485
577146,16414.0,United Kingdom,0,0,0.08762411
572880,16415.0,United Kingdom,0,0,0.00059845595
571221,16416.0,United Kingdom,0,0,0.00028481026
573112,16416.0,United Kingdom,0,0,0.0034867397
C574875,16416.0,United Kingdom,1,1,0.9197825
575970,16416.0,United Kingdom,0,0,0.0023585148
572859,16418.0,United Kingdom,0,0,0.0010259877
569730,16422.0,United Kingdom,0,0,0.12185236
570496,16422.0,United Kingdom,0,0,0.0039422563
571666,16422.0,United Kingdom,0,0,0.008904202
573146,16422.0,United Kingdom,0,0,0.07829974
574947,16422.0,United Kingdom,0,0,0.0034002138
576254,16422.0,United Kingdom,0,0,0.0030084993
576591,16422.0,United Kingdom,0,0,0.13876043
578035,16422.0,United Kingdom,0,0,0.010852272
576379,16423.0,United Kingdom,0,0,0.00064570154
572330,16426.0,United Kingdom,0,0,0.0005050568
574555,16426.0,United Kingdom,0,0,0.00030191374
577317,16426.0,United Kingdom,0,0,0.0013824663
580276,16426.0,United Kingdom,0,0,0.00071949663
580293,16426.0,United Kingdom,0,0,0.04552327
581147,16426.0,United Kingdom,0,0,0.004991488
571063,16430.0,United Kingdom,0,0,0.006285826
569850,16432.0,United Kingdom,0,0,0.003273566
575889,16433.0,United Kingdom,0,0,0.0010222285
572286,16434.0,United Kingdom,0,0,0.0037660701
574656,16434.0,United Kingdom,0,0,0.0033006915
575655,16434.0,United Kingdom,0,0,0.010632674
573149,16438.0,United Kingdom,0,0,0.00081093656
574323,16438.0,United Kingdom,0,0,0.01480005
575941,16438.0,United Kingdom,0,0,0.001580417
580393,16438.0,United Kingdom,0,0,0.007721672
569488,16440.0,United Kingdom,0,0,8.884017e-05
571828,16440.0,United Kingdom,0,0,0.0004267565
575647,16440.0,United Kingdom,0,0,0.0011907967
580188,16440.0,United Kingdom,0,0,0.00030932116
569396,16441.0,United Kingdom,0,0,0.0049268967
581310,16442.0,United Kingdom,0,0,0.0001593992
572483,16444.0,United Kingdom,0,0,0.0022364852
574677,16445.0,United Kingdom,0,0,0.0001826353
581483,16446.0,United Kingdom,0,0,0.046878204
C581484,16446.0,United Kingdom,1,0,0.39388308
569915,16454.0,United Kingdom,0,1,0.939374
572832,16454.0,United Kingdom,0,1,0.9928744
570102,16455.0,United Kingdom,0,0,0.00093660183
571555,16458.0,United Kingdom,0,0,0.016958548
573906,16458.0,United Kingdom,0,0,0.008683437
575745,16458.0,United Kingdom,0,0,0.020880423
578680,16458.0,United Kingdom,0,0,0.011335835
581014,16458.0,United Kingdom,0,0,0.011394986
575885,16460.0,United Kingdom,0,0,0.0007723001
C569946,16462.0,United Kingdom,1,1,0.8849756
571463,16463.0,United Kingdom,0,0,0.00064094557
C571466,16463.0,United Kingdom,1,0,0.47804007
571709,16463.0,United Kingdom,0,0,0.0033709558
C574508,16463.0,United Kingdom,1,1,0.9251397
577324,16463.0,United Kingdom,0,0,0.0007529283
577490,16464.0,United Kingdom,0,0,0.0003543593
571279,16466.0,United Kingdom,0,0,0.00036709823
574655,16466.0,United Kingdom,0,0,0.017898887
576695,16469.0,United Kingdom,0,0,0.0003106591
571837,16470.0,United Kingdom,0,0,0.0037794597
569521,16474.0,United Kingdom,0,0,0.00044425158
C569525,16474.0,United Kingdom,1,0,0.38934255
C572022,16474.0,United Kingdom,1,1,0.95557624
572047,16474.0,United Kingdom,0,0,0.0010280772
C578007,16474.0,United Kingdom,1,1,0.9350983
578036,16474.0,United Kingdom,0,0,0.00035064027
580277,16474.0,United Kingdom,0,0,0.01544944
570011,16477.0,United Kingdom,0,0,0.00038723537
569633,16478.0,United Kingdom,0,0,0.0011091183
569742,16478.0,United Kingdom,0,0,0.117130235
576352,16478.0,United Kingdom,0,0,0.0049774707
579427,16479.0,United Kingdom,0,0,0.004063625
579443,16479.0,United Kingdom,0,0,0.11258033
578468,16482.0,United Kingdom,0,0,0.0068245814
574697,16488.0,United Kingdom,0,0,0.00076836074
572331,16491.0,United Kingdom,0,0,0.00024331265
580908,16495.0,United Kingdom,0,0,0.00020668618
579941,16496.0,United Kingdom,0,0,0.00017774293
572186,16497.0,United Kingdom,0,0,0.00053113996
574272,16500.0,United Kingdom,0,0,0.026389532
574274,16500.0,United Kingdom,0,0,0.2889829
577139,16500.0,United Kingdom,0,1,0.776534
578291,16500.0,United Kingdom,0,0,0.22998078
580614,16500.0,United Kingdom,0,0,0.37837034
576326,16504.0,United Kingdom,0,0,0.00015936121
575050,16505.0,United Kingdom,0,0,0.0028645615
573403,16506.0,United Kingdom,0,0,0.028778141
577494,16506.0,United Kingdom,0,1,0.674221
577167,16511.0,United Kingdom,0,0,0.00010777821
573103,16513.0,United Kingdom,0,0,0.023333387
577526,16513.0,United Kingdom,0,0,0.0018917423
580052,16513.0,United Kingdom,0,0,0.13259889
580556,16513.0,United Kingdom,0,0,0.10530771
571668,16515.0,United Kingdom,0,0,0.0006795805
575360,16516.0,United Kingdom,0,0,0.012006699
570239,16518.0,United Kingdom,0,0,0.00028934426
576349,16519.0,United Kingdom,0,0,0.005408972
C569964,16523.0,United Kingdom,1,1,0.9586296
C570066,16523.0,United Kingdom,1,0,0.37308776
570877,16523.0,United Kingdom,0,0,0.018177813
570878,16523.0,United Kingdom,0,0,0.071326114
574746,16523.0,United Kingdom,0,0,0.0019996052
C575648,16523.0,United Kingdom,1,1,0.89779454
578517,16523.0,United Kingdom,0,0,0.0015512569
580775,16523.0,United Kingdom,0,1,0.60835046
C580773,16523.0,United Kingdom,1,0,0.36558026
581216,16523.0,United Kingdom,0,0,0.003360805
574055,16525.0,United Kingdom,0,0,0.0008853475
578220,16525.0,United Kingdom,0,0,0.007834169
581172,16525.0,United Kingdom,0,0,0.009642245
580901,16528.0,United Kingdom,0,0,0.018984394
574060,16531.0,United Kingdom,0,0,0.005340221
577091,16531.0,United Kingdom,0,0,0.047643922
577852,16532.0,United Kingdom,0,0,0.025276437
569230,16533.0,United Kingdom,0,0,9.709059e-05
571283,16533.0,United Kingdom,0,0,8.891043e-05
C571285,16533.0,United Kingdom,1,0,0.10703327
C571896,16533.0,United Kingdom,1,1,0.898482
577516,16533.0,United Kingdom,0,0,0.002162432
580526,16535.0,United Kingdom,0,0,0.00016665483
581004,16539.0,United Kingdom,0,0,0.00043777193
571315,16542.0,United Kingdom,0,0,0.00459101
570442,16549.0,United Kingdom,0,0,0.0010197816
572669,16549.0,United Kingdom,0,0,0.0003263757
575087,16549.0,United Kingdom,0,0,0.0004947393
577778,16549.0,United Kingdom,0,0,0.0010188188
577782,16549.0,United Kingdom,0,0,0.001331762
579458,16549.0,United Kingdom,0,0,0.00037640778
579470,16549.0,United Kingdom,0,0,0.0005742714
573291,16554.0,United Kingdom,0,0,0.00034518473
C580966,16554.0,United Kingdom,1,0,0.006076759
574535,16555.0,United Kingdom,0,0,0.0015760132
569461,16556.0,United Kingdom,0,0,0.00052733585
576577,16557.0,United Kingdom,0,0,0.0027209774
570178,16558.0,United Kingdom,0,0,0.0030436562
572224,16558.0,United Kingdom,0,0,0.0009497151
574033,16558.0,United Kingdom,0,0,0.0013762941
577107,16558.0,United Kingdom,0,0,0.002116371
581496,16558.0,United Kingdom,0,0,0.00046978166
575931,16560.0,United Kingdom,0,0,0.002399181
C577392,16560.0,United Kingdom,1,1,0.9140636
570507,16561.0,United Kingdom,0,0,0.0017284637
580400,16561.0,United Kingdom,0,0,0.0008211937
571360,16563.0,United Kingdom,0,0,0.0008119599
571122,16566.0,United Kingdom,0,0,0.028347159
578634,16566.0,United Kingdom,0,0,0.011066001
580977,16569.0,United Kingdom,0,0,0.0042118547
571101,16570.0,United Kingdom,0,0,0.00025618516
571102,16570.0,United Kingdom,0,0,0.11809819
574895,16570.0,United Kingdom,0,0,0.0014216974
578665,16570.0,United Kingdom,0,0,0.012469737
C579915,16570.0,United Kingdom,1,1,0.9542049
575944,16571.0,United Kingdom,0,0,0.0001448574
C580919,16571.0,United Kingdom,1,0,0.050768152
569204,16591.0,United Kingdom,0,0,0.006765443
572080,16592.0,United Kingdom,0,0,0.19221242
572081,16592.0,United Kingdom,0,0,0.013410686
C573101,16592.0,United Kingdom,1,1,0.9105376
575218,16592.0,United Kingdom,0,0,0.004571338
578937,16592.0,United Kingdom,0,0,0.0020397098
578938,16592.0,United Kingdom,0,0,0.45800555
580660,16592.0,United Kingdom,0,0,0.0026362136
572057,16593.0,United Kingdom,0,0,0.015792623
570225,16595.0,United Kingdom,0,0,7.887428e-05
578352,16596.0,United Kingdom,0,0,0.0018094806
580690,16597.0,United Kingdom,0,0,0.01335256
576573,16600.0,United Kingdom,0,0,0.009145186
578115,16600.0,United Kingdom,0,0,0.08376258
580694,16600.0,United Kingdom,0,0,0.026320405
573328,16601.0,United Kingdom,0,0,0.0025127826
574297,16602.0,United Kingdom,0,0,0.0008614443
C575156,16602.0,United Kingdom,1,1,0.8884006
570726,16607.0,United Kingdom,0,0,0.01160954
574036,16607.0,United Kingdom,0,0,0.0006024354
577835,16607.0,United Kingdom,0,0,0.006035087
578513,16609.0,United Kingdom,0,0,0.00031514384
574744,16612.0,United Kingdom,0,0,0.00027455282
578633,16616.0,United Kingdom,0,0,0.007943704
575086,16618.0,United Kingdom,0,0,0.0014601744
580881,16620.0,United Kingdom,0,0,0.0028938213
571793,16621.0,United Kingdom,0,0,0.0027560832
569209,16626.0,United Kingdom,0,0,0.021731935
572929,16626.0,United Kingdom,0,1,0.9709926
573370,16626.0,United Kingdom,0,0,0.0028804236
575149,16626.0,United Kingdom,0,0,0.03160917
576631,16626.0,United Kingdom,0,0,0.071722046
577084,16626.0,United Kingdom,0,0,0.11922134
580303,16626.0,United Kingdom,0,0,0.010965285
581567,16626.0,United Kingdom,0,0,0.0015379984
575610,16628.0,United Kingdom,0,0,0.00020969486
573582,16633.0,United Kingdom,0,0,0.0023661712
C577839,16633.0,United Kingdom,1,1,0.97499645
578032,16633.0,United Kingdom,0,0,0.00048826396
570285,16637.0,United Kingdom,0,0,0.0013595077
C574350,16637.0,United Kingdom,1,1,0.803225
574877,16637.0,United Kingdom,0,0,0.007945978
576929,16638.0,United Kingdom,0,0,0.005820765
575076,16639.0,United Kingdom,0,0,0.00021635811
C576248,16639.0,United Kingdom,1,1,0.94158655
580603,16642.0,United Kingdom,0,0,0.0003092339
573159,16648.0,United Kingdom,0,0,0.0052663023
C573760,16648.0,United Kingdom,1,1,0.90591556
570701,16652.0,United Kingdom,0,0,0.00022253557
570702,16652.0,United Kingdom,0,0,0.08572252
C571336,16652.0,United Kingdom,1,1,0.9790941
C569911,16653.0,United Kingdom,1,1,0.9394729
578296,16653.0,United Kingdom,0,0,0.011603458
575369,16655.0,United Kingdom,0,0,0.00037057235
577860,16655.0,United Kingdom,0,0,0.010055691
573156,16656.0,United Kingdom,0,0,0.005884677
C574492,16656.0,United Kingdom,1,1,0.94922125
575291,16656.0,United Kingdom,0,0,0.090577036
577064,16656.0,United Kingdom,0,0,0.044188105
576689,16657.0,United Kingdom,0,0,0.0010678321
579571,16657.0,United Kingdom,0,0,0.0013363175
578249,16660.0,United Kingdom,0,0,0.00808113
C578259,16660.0,United Kingdom,1,0,0.057330094
578299,16660.0,United Kingdom,0,0,0.011810777
577532,16666.0,United Kingdom,0,0,0.00076308503
569232,16667.0,United Kingdom,0,0,0.0011616977
578672,16668.0,United Kingdom,0,0,0.19645074
576696,16669.0,United Kingdom,0,0,7.1412614e-05
571049,16670.0,United Kingdom,0,0,0.0048062797
C571861,16670.0,United Kingdom,1,1,0.9729287
575484,16670.0,United Kingdom,0,0,0.0034242868
C577752,16670.0,United Kingdom,1,1,0.85510665
578112,16670.0,United Kingdom,0,0,0.38962385
574333,16671.0,United Kingdom,0,0,0.0049951365
575882,16671.0,United Kingdom,0,0,0.2974388
574334,16672.0,United Kingdom,0,0,0.005101984
581185,16672.0,United Kingdom,0,0,0.009801312
571265,16674.0,United Kingdom,0,0,0.0005945034
574662,16676.0,United Kingdom,0,0,0.0001991742
574228,16678.0,United Kingdom,0,0,0.0076519405
C574825,16678.0,United Kingdom,1,1,0.65860915
C577163,16678.0,United Kingdom,1,1,0.54809904
C577164,16678.0,United Kingdom,1,1,0.5679756
579009,16678.0,United Kingdom,0,0,0.47894672
C579018,16678.0,United Kingdom,1,1,0.6989618
579434,16678.0,United Kingdom,0,0,0.008006846
581112,16678.0,United Kingdom,0,0,0.004959548
573141,16680.0,United Kingdom,0,0,0.009533903
571100,16682.0,United Kingdom,0,0,0.01126533
580631,16682.0,United Kingdom,0,0,0.005927674
569570,16684.0,United Kingdom,0,0,0.0014712021
569571,16684.0,United Kingdom,0,0,0.1026146
569572,16684.0,United Kingdom,0,0,0.064669855
571842,16684.0,United Kingdom,0,0,0.0020216387
571843,16684.0,United Kingdom,0,0,0.067033514
574092,16684.0,United Kingdom,0,0,0.0018762443
574324,16684.0,United Kingdom,0,0,0.27317974
579189,16684.0,United Kingdom,0,0,0.011540393
579191,16684.0,United Kingdom,0,0,0.14520681
580665,16684.0,United Kingdom,0,0,0.0027243348
570231,16685.0,United Kingdom,0,0,0.0004707968
570233,16685.0,United Kingdom,0,0,0.16851777
572295,16686.0,United Kingdom,0,0,0.0001551505
570337,16688.0,United Kingdom,0,0,0.008399249
573117,16688.0,United Kingdom,0,0,0.0021611853
579514,16688.0,United Kingdom,0,0,0.0036933883
581423,16688.0,United Kingdom,0,0,0.0304119
C572993,16690.0,United Kingdom,1,1,0.89126486
569208,16693.0,United Kingdom,0,0,0.00061027816
575502,16700.0,United Kingdom,0,0,0.0007784914
579949,16700.0,United Kingdom,0,0,0.01764362
571306,16701.0,United Kingdom,0,0,0.00027164107
572857,16701.0,United Kingdom,0,0,0.13147108
579954,16701.0,United Kingdom,0,0,0.0009889638
572100,16705.0,United Kingdom,0,0,0.193942
572101,16705.0,United Kingdom,0,0,0.011680573
573584,16705.0,United Kingdom,0,0,0.0024894692
C575573,16705.0,United Kingdom,1,1,0.9810091
579106,16705.0,United Kingdom,0,0,0.008306264
579107,16705.0,United Kingdom,0,0,0.3225949
579108,16705.0,United Kingdom,0,0,0.15523975
579109,16705.0,United Kingdom,0,0,0.1172754
C580703,16705.0,United Kingdom,1,1,0.9897556
581572,16705.0,United Kingdom,0,0,0.020485358
574052,16706.0,United Kingdom,0,0,0.0071068313
572655,16708.0,United Kingdom,0,0,0.002132361
577517,16710.0,United Kingdom,0,0,0.0005712237
577548,16710.0,United Kingdom,0,0,0.046417974
575949,16711.0,United Kingdom,0,0,0.0007735935
580984,16711.0,United Kingdom,0,0,0.026599977
577773,16712.0,United Kingdom,0,0,0.00021607318
577774,16712.0,United Kingdom,0,0,0.000930543
579686,16712.0,United Kingdom,0,0,0.16415413
569459,16713.0,United Kingdom,0,0,0.0016773806
576844,16713.0,United Kingdom,0,0,0.0003780612
577723,16713.0,United Kingdom,0,0,0.00047904646
574934,16717.0,United Kingdom,0,0,0.0025555475
576688,16717.0,United Kingdom,0,0,0.00026636003
C579887,16717.0,United Kingdom,1,1,0.897459
578688,16719.0,United Kingdom,0,0,0.00152461
576077,16720.0,United Kingdom,0,0,0.0005602011
569565,16722.0,United Kingdom,0,0,0.0009810812
571926,16722.0,United Kingdom,0,0,0.012092266
578025,16722.0,United Kingdom,0,0,0.00041627916
576053,16726.0,United Kingdom,0,0,6.0735794e-05
572513,16728.0,United Kingdom,0,0,0.00054951507
571456,16729.0,United Kingdom,0,0,0.00053186924
573897,16729.0,United Kingdom,0,0,0.000550646
C574318,16729.0,United Kingdom,1,1,0.9244816
571684,16730.0,United Kingdom,0,0,0.0006624079
574956,16732.0,United Kingdom,0,0,0.00024104885
571681,16734.0,United Kingdom,0,0,0.0002711254
571432,16737.0,United Kingdom,0,0,0.025693024
C572410,16742.0,United Kingdom,1,0,0.0052068774
572423,16742.0,United Kingdom,0,1,0.8207831
575622,16743.0,United Kingdom,0,0,0.000689814
572284,16744.0,United Kingdom,0,0,0.0013414052
574671,16744.0,United Kingdom,0,0,0.0006877594
579142,16744.0,United Kingdom,0,0,0.003541625
574299,16746.0,United Kingdom,0,0,0.002368188
576516,16746.0,United Kingdom,0,0,0.0012600692
579184,16746.0,United Kingdom,0,0,0.010879937
580636,16746.0,United Kingdom,0,0,0.0042247875
569250,16747.0,United Kingdom,0,0,0.0009099568
C569976,16747.0,United Kingdom,1,1,0.90887284
573996,16747.0,United Kingdom,0,0,0.0010523068
C576242,16747.0,United Kingdom,1,1,0.9694169
574070,16748.0,United Kingdom,0,0,0.00027597812
577831,16748.0,United Kingdom,0,0,0.0024638742
572862,16750.0,United Kingdom,0,0,0.0016895625
575214,16751.0,United Kingdom,0,0,0.0007529925
570826,16753.0,United Kingdom,0,0,0.0013673082
569685,16758.0,United Kingdom,0,0,0.0016922356
575187,16759.0,United Kingdom,0,0,0.0036570465
575188,16759.0,United Kingdom,0,0,0.004137071
C579502,16759.0,United Kingdom,1,1,0.9099128
580262,16759.0,United Kingdom,0,0,0.004506859
572565,16762.0,United Kingdom,0,0,0.00067067036
577482,16762.0,United Kingdom,0,0,0.0008294837
570088,16764.0,United Kingdom,0,0,0.00080831617
C573228,16764.0,United Kingdom,1,1,0.9328507
573269,16764.0,United Kingdom,0,0,0.0006234142
C575042,16764.0,United Kingdom,1,1,0.930916
575063,16764.0,United Kingdom,0,0,0.000973228
577258,16764.0,United Kingdom,0,0,0.0008989153
C578803,16764.0,United Kingdom,1,1,0.96127605
578817,16764.0,United Kingdom,0,0,0.00032461283
C579547,16764.0,United Kingdom,1,1,0.98130727
579559,16764.0,United Kingdom,0,0,0.0060786484
C580805,16764.0,United Kingdom,1,1,0.97816557
580833,16764.0,United Kingdom,0,0,0.008698
575194,16767.0,United Kingdom,0,0,0.0014191963
575195,16767.0,United Kingdom,0,0,0.044301517
575196,16767.0,United Kingdom,0,0,0.16147493
575197,16767.0,United Kingdom,0,0,0.08260367
C572276,16768.0,United Kingdom,1,1,0.89049745
572277,16768.0,United Kingdom,0,0,0.022520281
571028,16770.0,United Kingdom,0,0,0.00040106045
574692,16771.0,United Kingdom,0,0,0.0027337382
571062,16773.0,United Kingdom,0,0,0.0036347709
569325,16774.0,United Kingdom,0,0,0.0052680485
571081,16775.0,United Kingdom,0,0,0.0016062794
579489,16775.0,United Kingdom,0,0,0.004404353
570410,16776.0,United Kingdom,0,0,0.00025541717
574915,16779.0,United Kingdom,0,0,0.0029065637
576091,16779.0,United Kingdom,0,0,0.0036759826
577409,16779.0,United Kingdom,0,0,0.005465839
578685,16779.0,United Kingdom,0,0,0.028362477
C580918,16779.0,United Kingdom,1,0,0.07554703
581168,16779.0,United Kingdom,0,0,0.004196186
581169,16779.0,United Kingdom,0,0,0.007329784
C569908,16782.0,United Kingdom,1,1,0.85534465
574528,16782.0,United Kingdom,0,0,0.007356467
577827,16782.0,United Kingdom,0,0,0.008326422
579435,16782.0,United Kingdom,0,1,0.92990696
577496,16784.0,United Kingdom,0,0,0.007203807
580102,16789.0,United Kingdom,0,0,0.021777686
573993,16790.0,United Kingdom,0,0,0.00018533332
574706,16790.0,United Kingdom,0,0,0.018529192
574916,16790.0,United Kingdom,0,0,0.05893199
C575172,16790.0,United Kingdom,1,1,0.9521313
575738,16790.0,United Kingdom,0,0,0.0134959025
C576194,16790.0,United Kingdom,1,1,0.97789806
578294,16790.0,United Kingdom,0,0,0.07132846
580852,16790.0,United Kingdom,0,0,0.006986248
C570447,16791.0,United Kingdom,1,1,0.7741933
570466,16791.0,United Kingdom,0,0,0.0011385151
575726,16791.0,United Kingdom,0,0,0.0007634007
571067,16793.0,United Kingdom,0,0,0.0027657382
572301,16794.0,United Kingdom,0,0,0.0013351777
575961,16794.0,United Kingdom,0,0,0.00612091
C575963,16794.0,United Kingdom,1,1,0.731449
575967,16794.0,United Kingdom,0,1,0.73008496
579411,16794.0,United Kingdom,0,0,0.015494467
581450,16794.0,United Kingdom,0,0,0.0013840266
579167,16800.0,United Kingdom,0,0,0.0003619634
569680,16803.0,United Kingdom,0,0,0.0016059523
576876,16804.0,United Kingdom,0,0,0.00046795123
576877,16804.0,United Kingdom,0,0,0.15073894
570219,16809.0,United Kingdom,0,0,0.00087597704
576852,16809.0,United Kingdom,0,0,0.00258786
578092,16811.0,United Kingdom,0,0,0.00823741
580608,16811.0,United Kingdom,0,0,0.011901338
572096,16813.0,United Kingdom,0,0,0.002247981
580073,16813.0,United Kingdom,0,0,0.0010328699
569859,16814.0,United Kingdom,0,0,0.03572499
572352,16814.0,United Kingdom,0,0,0.019831043
576758,16814.0,United Kingdom,0,0,0.0037119123
578810,16814.0,United Kingdom,0,0,0.022867927
574867,16817.0,United Kingdom,0,0,0.0034097377
581057,16817.0,United Kingdom,0,0,0.0055841445
579282,16818.0,United Kingdom,0,0,0.014182589
578470,16824.0,United Kingdom,0,0,0.0013967102
573863,16825.0,United Kingdom,0,0,0.0010029098
571890,16826.0,United Kingdom,0,0,0.0013288314
573829,16830.0,United Kingdom,0,0,0.00072505994
581413,16833.0,United Kingdom,0,0,0.0002937431
573425,16836.0,United Kingdom,0,0,0.001489077
570597,16837.0,United Kingdom,0,0,0.0001043237
575128,16837.0,United Kingdom,0,0,0.0003221403
C569989,16839.0,United Kingdom,1,0,0.0297756
570089,16839.0,United Kingdom,0,0,0.03194175
571245,16839.0,United Kingdom,0,0,0.012420609
573928,16839.0,United Kingdom,0,0,0.0019541774
574325,16839.0,United Kingdom,0,0,0.015296978
575184,16839.0,United Kingdom,0,0,0.004434788
576772,16839.0,United Kingdom,0,0,0.06715533
577098,16839.0,United Kingdom,0,0,0.08120194
C577398,16839.0,United Kingdom,1,1,0.8944658
579920,16839.0,United Kingdom,0,0,0.002902091
579921,16839.0,United Kingdom,0,0,0.031025684
574182,16841.0,United Kingdom,0,0,0.00035797324
C569922,16842.0,United Kingdom,1,1,0.8127673
569695,16843.0,United Kingdom,0,0,0.00014817322
569696,16843.0,United Kingdom,0,0,0.29269332
573163,16843.0,United Kingdom,0,0,0.0017402918
572075,16846.0,United Kingdom,0,0,0.0033773908
573028,16847.0,United Kingdom,0,0,0.0012175965
571552,16848.0,United Kingdom,0,0,0.0017213868
571730,16851.0,United Kingdom,0,0,0.0075686155
573262,16851.0,United Kingdom,0,0,0.079816625
580651,16851.0,United Kingdom,0,0,0.015565259
579437,16852.0,United Kingdom,0,0,0.37713787
573125,16855.0,United Kingdom,0,0,0.0044112965
576676,16855.0,United Kingdom,0,0,0.014506048
578684,16856.0,United Kingdom,0,0,0.30113015
570495,16861.0,United Kingdom,0,0,0.012386805
575139,16863.0,United Kingdom,0,0,0.00039107332
C575679,16863.0,United Kingdom,1,1,0.806132
571845,16869.0,United Kingdom,0,0,0.00019969542
C572722,16869.0,United Kingdom,1,1,0.929409
577008,16869.0,United Kingdom,0,0,0.0025240171
577127,16871.0,United Kingdom,0,0,0.008018067
570218,16873.0,United Kingdom,0,0,0.00034222883
C570958,16873.0,United Kingdom,1,1,0.98157793
580615,16873.0,United Kingdom,0,0,0.00031029855
569331,16875.0,United Kingdom,0,0,0.00032092823
C569971,16875.0,United Kingdom,1,1,0.92130566
573414,16877.0,United Kingdom,0,0,0.0010987588
576079,16877.0,United Kingdom,0,0,0.0015651919
577533,16877.0,United Kingdom,0,0,0.0022090152
578945,16877.0,United Kingdom,0,0,0.00715049
C576375,16878.0,United Kingdom,1,1,0.7774434
575222,16880.0,United Kingdom,0,0,0.0014038193
569420,16881.0,United Kingdom,0,0,0.01672831
569423,16882.0,United Kingdom,0,0,0.00022650823
573931,16884.0,United Kingdom,0,0,0.001864046
574011,16884.0,United Kingdom,0,0,0.033066716
571899,16885.0,United Kingdom,0,0,0.00018274292
578515,16885.0,United Kingdom,0,0,0.003339377
574530,16887.0,United Kingdom,0,0,0.00019553817
574258,16891.0,United Kingdom,0,0,0.002620117
581253,16891.0,United Kingdom,0,0,0.008429506
575621,16892.0,United Kingdom,0,0,0.00056589243
578508,16892.0,United Kingdom,0,0,0.0037600119
C581393,16892.0,United Kingdom,1,1,0.9582904
581394,16892.0,United Kingdom,0,0,0.3770912
581395,16892.0,United Kingdom,0,0,0.0016324556
569823,16895.0,United Kingdom,0,0,0.0012399005
576066,16898.0,United Kingdom,0,0,0.00029972548
577541,16899.0,United Kingdom,0,0,0.00046583186
580193,16899.0,United Kingdom,0,0,0.0003642968
570127,16900.0,United Kingdom,0,0,0.00016017654
C570301,16900.0,United Kingdom,1,1,0.86562955
577492,16900.0,United Kingdom,0,0,0.004464608
578126,16900.0,United Kingdom,0,1,0.78636634
C579092,16900.0,United Kingdom,1,1,0.7361589
575681,16903.0,United Kingdom,0,0,0.00012471198
575637,16904.0,United Kingdom,0,0,0.00053575425
580644,16904.0,United Kingdom,0,0,0.00033225186
572307,16905.0,United Kingdom,0,0,0.00013872869
577524,16905.0,United Kingdom,0,0,0.00072515465
577525,16905.0,United Kingdom,0,0,0.04501746
580514,16905.0,United Kingdom,0,0,0.00096363685
575718,16907.0,United Kingdom,0,0,0.00083061546
C569941,16909.0,United Kingdom,1,1,0.966563
570126,16910.0,United Kingdom,0,0,0.0009478412
571676,16910.0,United Kingdom,0,0,0.00024731137
579741,16910.0,United Kingdom,0,0,0.00039301976
580640,16910.0,United Kingdom,0,0,0.00070165936
569322,16912.0,United Kingdom,0,0,0.0015027168
569323,16912.0,United Kingdom,0,0,0.27920523
569324,16912.0,United Kingdom,0,0,0.024850307
575853,16912.0,United Kingdom,0,0,0.014121472
C576856,16912.0,United Kingdom,1,1,0.9758992
574292,16914.0,United Kingdom,0,0,0.003659443
572912,16915.0,United Kingdom,0,0,0.0059575997
579865,16915.0,United Kingdom,0,0,0.0059678764
576686,16916.0,United Kingdom,0,0,4.4313343e-05
C570194,16918.0,United Kingdom,1,1,0.69492084
570200,16918.0,United Kingdom,0,0,0.004173029
570201,16918.0,United Kingdom,0,0,0.16779336
572214,16918.0,United Kingdom,0,0,0.43528885
570246,16921.0,United Kingdom,0,0,0.0003323583
569205,16923.0,United Kingdom,0,0,0.0006625449
573330,16923.0,United Kingdom,0,0,0.00041586687
575932,16923.0,United Kingdom,0,0,0.00013981927
578933,16923.0,United Kingdom,0,0,0.14981085
578936,16923.0,United Kingdom,0,0,0.0001505321
569789,16924.0,United Kingdom,0,0,0.0013787893
C577196,16924.0,United Kingdom,1,0,0.011956185
577300,16924.0,United Kingdom,0,0,0.0016940337
574233,16929.0,United Kingdom,0,0,0.009639003
576901,16929.0,United Kingdom,0,0,0.013326163
578063,16929.0,United Kingdom,0,0,0.017105669
580733,16929.0,United Kingdom,0,0,0.044947382
569225,16930.0,United Kingdom,0,0,0.00020311591
569226,16930.0,United Kingdom,0,1,0.51498413
576073,16930.0,United Kingdom,0,0,0.0016865659
570224,16931.0,United Kingdom,0,0,0.0004921221
570226,16931.0,United Kingdom,0,1,0.687543
572291,16931.0,United Kingdom,0,0,0.00019447054
573500,16931.0,United Kingdom,0,0,0.0039668363
577545,16931.0,United Kingdom,0,0,0.00026406633
580502,16931.0,United Kingdom,0,0,0.000105361934
571461,16932.0,United Kingdom,0,0,0.0010680472
C581305,16933.0,United Kingdom,1,1,0.73489004
581381,16933.0,United Kingdom,0,0,0.007369804
571274,16934.0,United Kingdom,0,0,9.233673e-05
571277,16934.0,United Kingdom,0,0,0.016235176
576176,16936.0,United Kingdom,0,0,0.00042149515
579940,16938.0,United Kingdom,0,0,0.00081762735
571671,16940.0,United Kingdom,0,0,8.449372e-05
574659,16942.0,United Kingdom,0,0,0.0006050276
578931,16942.0,United Kingdom,0,0,0.00025372373
570864,16945.0,United Kingdom,0,0,0.0030011325
570865,16945.0,United Kingdom,0,0,0.032225635
575053,16945.0,United Kingdom,0,0,0.12086158
575054,16945.0,United Kingdom,0,0,0.04066677
577182,16945.0,United Kingdom,0,0,0.0066799675
573341,16949.0,United Kingdom,0,0,0.0004916419
580778,16949.0,United Kingdom,0,0,0.025514405
571120,16950.0,United Kingdom,0,0,0.0004106612
575433,16953.0,United Kingdom,0,0,0.40859002
570411,16954.0,United Kingdom,0,0,0.005646653
578152,16954.0,United Kingdom,0,0,0.3904385
578192,16954.0,United Kingdom,0,0,0.24185918
580370,16954.0,United Kingdom,0,0,0.05077437
581489,16954.0,United Kingdom,0,0,0.25183022
577812,16956.0,United Kingdom,0,0,0.0011546419
C579739,16956.0,United Kingdom,1,1,0.98558426
570288,16960.0,United Kingdom,0,0,0.012576935
573830,16960.0,United Kingdom,0,0,0.008050457
572774,16966.0,United Kingdom,0,1,0.97695106
C573172,16966.0,United Kingdom,1,1,0.93103576
578341,16966.0,United Kingdom,0,0,0.014392539
580067,16966.0,United Kingdom,0,0,0.036021244
580682,16968.0,United Kingdom,0,0,0.003932444
573545,16969.0,United Kingdom,0,0,0.0007524402
573905,16971.0,United Kingdom,0,0,0.00027421405
C581009,16971.0,United Kingdom,1,1,0.65010446
571831,16979.0,United Kingdom,0,0,0.00036704712
C574337,16979.0,United Kingdom,1,1,0.56767035
575693,16979.0,United Kingdom,0,0,0.011412586
578020,16979.0,United Kingdom,0,0,0.0006752242
580883,16979.0,United Kingdom,0,0,0.0033567618
570348,16982.0,United Kingdom,0,0,0.00085546565
575950,16983.0,United Kingdom,0,0,0.00037121252
578924,16983.0,United Kingdom,0,0,0.0028002837
578005,16985.0,United Kingdom,0,0,0.0012136971
578029,16985.0,United Kingdom,0,0,0.0034837634
575418,16986.0,United Kingdom,0,0,0.025812486
575582,16986.0,United Kingdom,0,0,0.074283704
571294,16987.0,United Kingdom,0,0,0.0006711294
571297,16987.0,United Kingdom,0,0,0.41573423
573314,16987.0,United Kingdom,0,0,0.0013729446
580998,16987.0,United Kingdom,0,0,0.002747621
580535,16988.0,United Kingdom,0,0,0.011051013
570124,16989.0,United Kingdom,0,0,0.071790494
578671,16989.0,United Kingdom,0,0,0.25312898
580368,16989.0,United Kingdom,0,1,0.717183
574227,16992.0,United Kingdom,0,0,0.0018815481
579358,16992.0,United Kingdom,0,0,0.01503688
575483,16996.0,United Kingdom,0,0,0.005785864
576786,16999.0,United Kingdom,0,0,0.010428471
572460,17001.0,United Kingdom,0,0,0.0009373459
577080,17001.0,United Kingdom,0,0,0.0016336754
581486,17001.0,United Kingdom,0,0,0.0015824882
572509,17004.0,United Kingdom,0,0,0.0012478313
575170,17006.0,United Kingdom,0,0,0.009881941
577743,17006.0,United Kingdom,0,0,0.0069342502
580622,17006.0,United Kingdom,0,0,0.02268013
571987,17007.0,United Kingdom,0,0,0.0002336018
577755,17010.0,United Kingdom,0,0,0.0028344912
C578142,17010.0,United Kingdom,1,1,0.9180578
575320,17011.0,United Kingdom,0,0,0.0009368035
569462,17014.0,United Kingdom,0,0,0.004702082
574896,17014.0,United Kingdom,0,0,0.0023108898
C574900,17014.0,United Kingdom,1,0,0.47947556
580075,17014.0,United Kingdom,0,0,0.009431607
575755,17015.0,United Kingdom,0,0,0.0035379415
C570845,17017.0,United Kingdom,1,1,0.8226809
572892,17017.0,United Kingdom,0,0,0.0021009792
576847,17017.0,United Kingdom,0,0,0.00095102313
578297,17017.0,United Kingdom,0,0,0.009411193
579531,17017.0,United Kingdom,0,0,0.0048148246
581013,17017.0,United Kingdom,0,0,0.0021560849
573337,17018.0,United Kingdom,0,0,0.0004914054
579141,17019.0,United Kingdom,0,0,0.00025621447
575166,17022.0,United Kingdom,0,0,0.09840521
572679,17024.0,United Kingdom,0,0,0.11125777
570251,17025.0,United Kingdom,0,0,0.0018022063
569999,17030.0,United Kingdom,0,0,0.002928931
579039,17031.0,United Kingdom,0,0,0.006686979
C577149,17034.0,United Kingdom,1,1,0.9575104
578301,17034.0,United Kingdom,0,0,0.004676559
575329,17038.0,United Kingdom,0,0,0.0017125745
575936,17041.0,United Kingdom,0,0,0.0009773858
581120,17042.0,United Kingdom,0,0,0.0118676275
571746,17043.0,United Kingdom,0,0,0.00021427782
574907,17043.0,United Kingdom,0,0,0.0051969974
576275,17044.0,United Kingdom,0,0,0.0010237445
C579912,17044.0,United Kingdom,1,1,0.92203426
571442,17049.0,United Kingdom,0,0,0.001440403
577312,17049.0,United Kingdom,0,0,0.00058974285
C579904,17049.0,United Kingdom,1,1,0.7354694
581034,17049.0,United Kingdom,0,0,0.0047843386
575895,17052.0,United Kingdom,0,0,9.292201e-05
575874,17054.0,United Kingdom,0,0,0.0030888212
575602,17059.0,United Kingdom,0,0,0.0002993006
571006,17063.0,United Kingdom,0,0,0.00035275053
571008,17063.0,United Kingdom,0,0,0.17208517
C571856,17063.0,United Kingdom,1,1,0.9786605
577365,17063.0,United Kingdom,0,0,0.002000303
C579906,17063.0,United Kingdom,1,1,0.9631603
570713,17064.0,United Kingdom,0,0,0.00038618306
569856,17068.0,United Kingdom,0,0,0.0088505875
572203,17068.0,United Kingdom,0,0,0.0015189991
575984,17068.0,United Kingdom,0,0,0.0062644416
578939,17068.0,United Kingdom,0,0,0.0010695033
575923,17069.0,United Kingdom,0,0,0.008856986
575924,17069.0,United Kingdom,0,0,0.04781099
570591,17071.0,United Kingdom,0,0,0.0007180719
575914,17071.0,United Kingdom,0,0,0.0026056045
C577815,17071.0,United Kingdom,1,1,0.97454685
C579923,17071.0,United Kingdom,1,1,0.9729268
571601,17073.0,United Kingdom,0,0,0.00041988457
577893,17073.0,United Kingdom,0,0,0.017305082
577919,17075.0,United Kingdom,0,0,0.00071006885
574315,17076.0,United Kingdom,0,0,0.0013561499
574317,17078.0,United Kingdom,0,0,0.0020703548
574320,17078.0,United Kingdom,0,0,0.1952021
577028,17080.0,United Kingdom,0,0,0.00081984536
572464,17081.0,United Kingdom,0,0,0.004715092
576217,17081.0,United Kingdom,0,0,0.0017688392
574733,17082.0,United Kingdom,0,0,0.00013293592
574544,17084.0,United Kingdom,0,0,9.7948265e-05
574545,17084.0,United Kingdom,0,0,0.0016612199
570086,17086.0,United Kingdom,0,0,0.00038330368
572221,17086.0,United Kingdom,0,0,0.00686187
574091,17086.0,United Kingdom,0,0,0.0005499028
575302,17086.0,United Kingdom,0,0,0.010927434
576558,17086.0,United Kingdom,0,0,0.01222029
580298,17086.0,United Kingdom,0,0,0.00017773327
575893,17088.0,United Kingdom,0,0,0.0019823858
571664,17090.0,United Kingdom,0,0,0.0071371747
C572471,17090.0,United Kingdom,1,1,0.9819417
580658,17090.0,United Kingdom,0,0,0.0067354576
574960,17091.0,United Kingdom,0,0,0.00058375095
581027,17091.0,United Kingdom,0,0,0.0008409711
572121,17092.0,United Kingdom,0,0,0.0017677811
577016,17095.0,United Kingdom,0,0,0.00034064768
C577096,17095.0,United Kingdom,1,0,0.3404571
570866,17096.0,United Kingdom,0,0,0.0011889639
C571321,17096.0,United Kingdom,1,1,0.96374846
578544,17096.0,United Kingdom,0,0,0.0013508409
C579760,17096.0,United Kingdom,1,1,0.94532317
579503,17097.0,Spain,0,0,0.0050398973
581193,17097.0,Spain,0,0,0.0015492317
577791,17100.0,United Kingdom,0,0,0.000216426
577792,17100.0,United Kingdom,0,0,0.27037147
571844,17101.0,United Kingdom,0,0,0.0003878518
575509,17101.0,United Kingdom,0,0,0.0024761774
579449,17101.0,United Kingdom,0,0,0.020514213
574707,17107.0,United Kingdom,0,0,0.0001365269
574708,17107.0,United Kingdom,0,0,0.2356905
C574748,17107.0,United Kingdom,1,0,0.0496734
572876,17109.0,United Kingdom,0,0,0.0037571518
C573925,17109.0,United Kingdom,1,1,0.9899211
C574517,17109.0,United Kingdom,1,1,0.9036231
574914,17109.0,United Kingdom,0,0,0.0015154899
574939,17109.0,United Kingdom,0,0,0.40372166
575702,17109.0,United Kingdom,0,0,0.08097148
572314,17111.0,United Kingdom,0,0,0.0004735017
574695,17114.0,United Kingdom,0,0,0.0014193341
580434,17114.0,United Kingdom,0,0,0.0066308244
580088,17115.0,United Kingdom,0,0,0.0027199828
570555,17119.0,United Kingdom,0,0,0.0012468268
C572489,17119.0,United Kingdom,1,1,0.95570046
580962,17119.0,United Kingdom,0,0,0.027693724
572092,17125.0,United Kingdom,0,0,0.0017924801
572304,17131.0,United Kingdom,0,0,0.0015009401
572305,17131.0,United Kingdom,0,0,0.029924458
574736,17131.0,United Kingdom,0,0,0.020637626
580500,17131.0,United Kingdom,0,0,0.00031672092
574585,17133.0,United Kingdom,0,0,0.034391746
578441,17133.0,United Kingdom,0,0,0.023139121
578451,17133.0,United Kingdom,0,0,0.25301126
571641,17135.0,United Kingdom,0,0,0.0011211567
573933,17135.0,United Kingdom,0,1,0.78981644
573994,17135.0,United Kingdom,0,0,0.034966726
578232,17135.0,United Kingdom,0,1,0.82065153
578318,17135.0,United Kingdom,0,0,0.043140326
569910,17139.0,United Kingdom,0,0,0.008603244
569912,17139.0,United Kingdom,0,0,0.021880379
573763,17139.0,United Kingdom,0,0,0.00048965827
578354,17139.0,United Kingdom,0,0,0.0015293865
581451,17144.0,United Kingdom,0,0,0.0026397137
577020,17147.0,United Kingdom,0,0,0.0006837978
571734,17148.0,United Kingdom,0,0,0.00969644
576568,17153.0,United Kingdom,0,0,0.003068696
578004,17155.0,United Kingdom,0,0,0.00087681843
580139,17157.0,United Kingdom,0,0,0.0016190868
574901,17158.0,United Kingdom,0,0,0.0005105131
C569969,17159.0,United Kingdom,1,1,0.81710297
577171,17159.0,United Kingdom,0,0,0.00014737737
575091,17160.0,United Kingdom,0,0,0.00047246044
575828,17162.0,United Kingdom,0,0,0.00081349956
577136,17163.0,United Kingdom,0,0,0.037672743
C571319,17164.0,United Kingdom,1,1,0.91775507
574750,17164.0,United Kingdom,0,0,0.0010615648
574751,17164.0,United Kingdom,0,0,0.11129746
574752,17164.0,United Kingdom,0,0,0.111097805
573757,17166.0,United Kingdom,0,0,0.016260443
570887,17169.0,United Kingdom,0,0,0.0007926551
C572114,17169.0,United Kingdom,1,1,0.9458436
570717,17173.0,United Kingdom,0,0,0.0024813842
570821,17173.0,United Kingdom,0,0,0.012852962
573082,17173.0,United Kingdom,0,0,0.012162359
578682,17173.0,United Kingdom,0,0,0.003579879
579459,17173.0,United Kingdom,0,0,0.009324137
580517,17173.0,United Kingdom,0,0,0.003117915
572904,17175.0,United Kingdom,0,0,0.00082106184
571244,17180.0,United Kingdom,0,0,0.0070445198
571064,17181.0,United Kingdom,0,0,0.0036200339
571290,17183.0,United Kingdom,0,0,0.0005245709
573386,17183.0,United Kingdom,0,0,0.001373106
574832,17183.0,United Kingdom,0,0,0.012493493
C575142,17183.0,United Kingdom,1,1,0.5184892
C576858,17183.0,United Kingdom,1,1,0.9847718
577063,17183.0,United Kingdom,0,0,0.021881001
580147,17183.0,United Kingdom,0,0,0.0036894195
570407,17186.0,United Kingdom,0,0,0.04783846
572332,17186.0,United Kingdom,0,0,0.057522178
575605,17188.0,United Kingdom,0,0,0.00045798143
579158,17188.0,United Kingdom,0,0,0.0023293397
570733,17190.0,United Kingdom,0,0,0.0037476434
575918,17191.0,United Kingdom,0,0,0.0010351944
570716,17193.0,United Kingdom,0,1,0.90847725
570795,17193.0,United Kingdom,0,0,0.023383943
572661,17193.0,United Kingdom,0,0,0.00043135654
C573759,17193.0,United Kingdom,1,1,0.90076935
574482,17193.0,United Kingdom,0,1,0.7787198
575507,17197.0,United Kingdom,0,0,0.001374811
576652,17198.0,United Kingdom,0,0,0.0028131022
571372,17201.0,United Kingdom,0,0,0.00055467495
570443,17203.0,United Kingdom,0,0,0.0010807274
571640,17203.0,United Kingdom,0,0,0.007205741
571642,17203.0,United Kingdom,0,0,0.1820914
574354,17203.0,United Kingdom,0,0,0.0011626058
574476,17203.0,United Kingdom,0,0,0.0006046552
574478,17203.0,United Kingdom,0,0,0.000511605
571427,17205.0,United Kingdom,0,0,0.0005835849
571439,17206.0,United Kingdom,0,0,0.003460763
572281,17211.0,United Kingdom,0,0,0.00050009653
575954,17211.0,United Kingdom,0,0,0.00041254985
573358,17213.0,United Kingdom,0,0,0.00020132834
573390,17213.0,United Kingdom,0,0,0.00091449433
570414,17214.0,United Kingdom,0,0,0.0028031545
576014,17218.0,United Kingdom,0,0,0.002013677
579154,17218.0,United Kingdom,0,0,0.0022594912
580661,17218.0,United Kingdom,0,0,0.010541782
575017,17219.0,United Kingdom,0,0,0.0005523249
572484,17220.0,United Kingdom,0,0,0.004857288
576567,17220.0,United Kingdom,0,0,0.0046487907
576570,17220.0,United Kingdom,0,0,0.029757643
574312,17221.0,United Kingdom,0,0,0.004581508
580290,17221.0,United Kingdom,0,0,0.0010273844
569673,17222.0,United Kingdom,0,0,0.00039661868
570269,17227.0,United Kingdom,0,0,0.0687851
577680,17227.0,United Kingdom,0,0,0.015119909
570049,17228.0,United Kingdom,0,0,0.0005951835
576187,17228.0,United Kingdom,0,0,0.004217412
578357,17228.0,United Kingdom,0,0,0.019703856
569983,17231.0,United Kingdom,0,0,0.0017766384
C569984,17231.0,United Kingdom,1,0,0.38535258
C569988,17231.0,United Kingdom,1,0,0.41045222
576615,17231.0,United Kingdom,0,0,0.00043729437
578977,17231.0,United Kingdom,0,0,6.685568e-05
578794,17232.0,United Kingdom,0,0,0.0006420583
581116,17232.0,United Kingdom,0,0,0.0011979013
574529,17233.0,United Kingdom,0,0,0.00091302645
576351,17235.0,United Kingdom,0,0,0.001114745
578922,17236.0,United Kingdom,0,0,0.00047780605
577026,17237.0,United Kingdom,0,0,0.001371031
579179,17237.0,United Kingdom,0,0,0.035370346
571965,17238.0,United Kingdom,0,0,0.008366417
575852,17238.0,United Kingdom,0,0,0.0016817092
577951,17238.0,United Kingdom,0,0,0.007721767
580358,17238.0,United Kingdom,0,0,0.0006070773
581095,17238.0,United Kingdom,0,0,0.039437696
572049,17243.0,United Kingdom,0,0,0.0024552378
573872,17243.0,United Kingdom,0,0,0.0032779751
575609,17243.0,United Kingdom,0,0,0.0074104355
575887,17243.0,United Kingdom,0,0,0.0097570075
577097,17243.0,United Kingdom,0,0,0.050651535
577404,17243.0,United Kingdom,0,0,0.0035094135
578795,17243.0,United Kingdom,0,0,0.005796184
580384,17243.0,United Kingdom,0,0,0.0028912066
581398,17243.0,United Kingdom,0,0,0.004332913
571505,17244.0,United Kingdom,0,0,0.0011523948
578620,17247.0,United Kingdom,0,0,0.0006109777
580877,17250.0,United Kingdom,0,0,0.0012190841
577730,17253.0,United Kingdom,0,0,0.0026270808
578522,17254.0,United Kingdom,0,0,0.00031204976
580639,17254.0,United Kingdom,0,0,0.002135265
573346,17255.0,United Kingdom,0,0,0.00090457994
571663,17262.0,United Kingdom,0,0,0.0019437557
580958,17266.0,United Kingdom,0,0,0.0018784299
581150,17266.0,United Kingdom,0,0,0.117173165
572542,17272.0,United Kingdom,0,0,0.0027488726
573309,17272.0,United Kingdom,0,1,0.6655937
574502,17274.0,United Kingdom,0,0,0.001233899
570984,17279.0,United Kingdom,0,0,0.0036717136
570444,17284.0,United Kingdom,0,0,0.0066301743
577296,17286.0,United Kingdom,0,0,0.00010072831
575977,17287.0,United Kingdom,0,0,0.0025558576
578942,17288.0,United Kingdom,0,0,0.00026289772
579834,17288.0,United Kingdom,0,0,0.15511367
574675,17289.0,United Kingdom,0,0,6.793881e-05
C574999,17289.0,United Kingdom,1,1,0.8220104
575041,17289.0,United Kingdom,0,0,0.008874379
578307,17290.0,United Kingdom,0,0,0.00015595337
580893,17290.0,United Kingdom,0,0,0.0016372631
570843,17293.0,United Kingdom,0,0,0.008414934
575325,17293.0,United Kingdom,0,0,0.0010513889
580091,17293.0,United Kingdom,0,0,0.0024614588
569824,17295.0,United Kingdom,0,0,0.0027862354
575754,17295.0,United Kingdom,0,0,0.00208482
575757,17295.0,United Kingdom,0,0,0.0047983127
578045,17297.0,United Kingdom,0,0,0.0004966626
579121,17299.0,United Kingdom,0,0,0.014382532
577319,17301.0,United Kingdom,0,0,0.00014866018
574903,17302.0,United Kingdom,0,0,0.00031950715
578690,17302.0,United Kingdom,0,0,0.05524541
574226,17306.0,United Kingdom,0,0,0.010246518
579400,17306.0,United Kingdom,0,0,0.0023436286
579402,17306.0,United Kingdom,0,0,0.05422105
575146,17313.0,United Kingdom,0,0,0.0012525378
C577819,17313.0,United Kingdom,1,1,0.77965546
570855,17314.0,United Kingdom,0,0,0.00027491193
C572482,17314.0,United Kingdom,1,1,0.83030236
575911,17314.0,United Kingdom,0,0,0.0025535065
576385,17314.0,United Kingdom,0,1,0.7245642
570884,17315.0,United Kingdom,0,0,0.017805016
572541,17315.0,United Kingdom,0,0,0.0036260139
573911,17315.0,United Kingdom,0,0,0.06980137
575515,17315.0,United Kingdom,0,0,0.022322737
577833,17315.0,United Kingdom,0,0,0.009066036
581345,17315.0,United Kingdom,0,0,0.003296205
C581569,17315.0,United Kingdom,1,0,0.18675674
571553,17317.0,United Kingdom,0,0,0.005963098
C572554,17317.0,United Kingdom,1,1,0.9060742
572555,17317.0,United Kingdom,0,1,0.7587261
C572556,17317.0,United Kingdom,1,1,0.7587261
569261,17321.0,United Kingdom,0,0,9.664914e-05
580068,17321.0,United Kingdom,0,0,0.42881027
570217,17323.0,United Kingdom,0,0,0.0037942934
577493,17323.0,United Kingdom,0,0,0.009196691
C578669,17323.0,United Kingdom,1,1,0.91367817
578670,17323.0,United Kingdom,0,0,0.2250834
577217,17324.0,United Kingdom,0,0,0.0012725864
577840,17324.0,United Kingdom,0,1,0.51451313
578826,17329.0,United Kingdom,0,0,0.00023363251
569258,17330.0,United Kingdom,0,0,0.0061686295
576902,17330.0,United Kingdom,0,0,0.0860448
C578039,17338.0,United Kingdom,1,1,0.89311934
578041,17338.0,United Kingdom,0,0,0.0004058743
575516,17340.0,United Kingdom,0,0,0.001002065
C579878,17340.0,United Kingdom,1,0,0.056659535
572461,17344.0,United Kingdom,0,0,0.0010685801
578548,17345.0,United Kingdom,0,0,0.0014538303
570791,17346.0,United Kingdom,0,0,0.003809958
572050,17346.0,United Kingdom,0,0,0.0033952226
572055,17346.0,United Kingdom,0,0,0.002924227
C572059,17346.0,United Kingdom,1,0,0.13822116
573873,17346.0,United Kingdom,0,0,0.008673952
578370,17346.0,United Kingdom,0,0,0.0036205961
579116,17346.0,United Kingdom,0,0,0.0026638284
580879,17346.0,United Kingdom,0,0,0.0066140266
574351,17348.0,United Kingdom,0,0,0.0026326354
575767,17348.0,United Kingdom,0,0,0.0014954081
578719,17348.0,United Kingdom,0,0,0.003247357
571918,17350.0,United Kingdom,0,0,0.004510874
C571919,17350.0,United Kingdom,1,1,0.52383965
572651,17350.0,United Kingdom,0,0,0.0008070802
580109,17350.0,United Kingdom,0,0,0.0022595709
580110,17350.0,United Kingdom,0,0,0.011209185
574316,17351.0,United Kingdom,0,0,0.0052557695
571945,17354.0,United Kingdom,0,0,0.00072361453
576611,17357.0,United Kingdom,0,0,0.00038036107
576612,17357.0,United Kingdom,0,0,0.3235324
579173,17359.0,United Kingdom,0,0,0.002884483
578013,17360.0,United Kingdom,0,0,0.0011665745
578019,17360.0,United Kingdom,0,0,0.004892435
572243,17361.0,United Kingdom,0,0,0.0011719654
575846,17364.0,United Kingdom,0,0,0.00019072896
578531,17364.0,United Kingdom,0,0,0.0012289241
580294,17364.0,United Kingdom,0,0,0.03694443
581478,17364.0,United Kingdom,0,0,0.0030149193
581479,17364.0,United Kingdom,0,0,0.20976374
572037,17365.0,United Kingdom,0,0,0.0025699756
578925,17365.0,United Kingdom,0,0,0.0004660686
574861,17368.0,United Kingdom,0,0,0.0006649167
576841,17368.0,United Kingdom,0,0,0.049599994
578022,17371.0,United Kingdom,0,0,0.00029488796
578028,17371.0,United Kingdom,0,0,0.019334551
570424,17372.0,United Kingdom,0,0,0.000494181
573336,17372.0,United Kingdom,0,0,0.0064418614
573398,17373.0,United Kingdom,0,0,0.0064517604
570289,17377.0,United Kingdom,0,0,0.012712577
571317,17377.0,United Kingdom,0,0,0.0017502725
572191,17377.0,United Kingdom,0,0,0.05005221
572288,17377.0,United Kingdom,0,0,0.004323522
573772,17377.0,United Kingdom,0,0,0.006647709
574340,17377.0,United Kingdom,0,0,0.041065816
575211,17377.0,United Kingdom,0,0,0.0023216512
576191,17377.0,United Kingdom,0,0,0.047957145
576661,17377.0,United Kingdom,0,0,0.00338816
579161,17379.0,United Kingdom,0,0,0.0004986973
569398,17381.0,United Kingdom,0,0,0.004007087
569399,17381.0,United Kingdom,0,0,0.089857
569400,17381.0,United Kingdom,0,0,0.056925178
576608,17381.0,United Kingdom,0,0,0.0058260933
580026,17381.0,United Kingdom,0,0,0.009629791
569660,17382.0,United Kingdom,0,0,0.07615787
580731,17383.0,United Kingdom,0,0,0.0008733498
577572,17384.0,United Kingdom,0,0,0.0009046441
578703,17385.0,United Kingdom,0,0,0.0002583976
580167,17386.0,United Kingdom,0,0,0.0010492067
574643,17387.0,United Kingdom,0,0,0.0005546073
577411,17387.0,United Kingdom,0,0,6.0041635e-05
573749,17389.0,United Kingdom,0,0,0.0050099394
574295,17389.0,United Kingdom,0,0,0.0071665538
574829,17389.0,United Kingdom,0,0,0.05655793
575683,17389.0,United Kingdom,0,0,0.002948619
578821,17389.0,United Kingdom,0,0,0.0032750661
580985,17389.0,United Kingdom,0,0,0.004587784
580987,17389.0,United Kingdom,0,0,0.044489957
581485,17389.0,United Kingdom,0,0,0.0062254095
569337,17396.0,United Kingdom,0,0,0.0023398406
573577,17396.0,United Kingdom,0,0,0.01113509
577049,17397.0,United Kingdom,0,0,0.001129231
577052,17397.0,United Kingdom,0,0,0.0008147109
571311,17402.0,United Kingdom,0,0,0.05602555
572056,17402.0,United Kingdom,0,1,0.872838
575317,17402.0,United Kingdom,0,0,0.0021158303
580554,17402.0,United Kingdom,0,0,0.013111273
574290,17403.0,United Kingdom,0,0,0.0024347294
571191,17404.0,Sweden,0,0,0.16869386
571318,17404.0,Sweden,0,0,0.0040974496
576083,17404.0,Sweden,0,0,0.0014672539
580704,17404.0,Sweden,0,0,0.37477034
C580702,17404.0,Sweden,1,0,0.2019841
C569944,17405.0,United Kingdom,1,1,0.89166945
581445,17405.0,United Kingdom,0,0,0.024560496
570836,17410.0,United Kingdom,0,0,0.0023713647
574024,17410.0,United Kingdom,0,0,0.009982844
578306,17410.0,United Kingdom,0,0,0.020486627
578948,17411.0,United Kingdom,0,0,0.0026390236
570632,17412.0,United Kingdom,0,0,0.0013875344
576692,17412.0,United Kingdom,0,0,0.0047029792
581096,17412.0,United Kingdom,0,0,0.0041086804
573005,17414.0,United Kingdom,0,0,0.0274397
575612,17416.0,United Kingdom,0,0,0.00038918926
573270,17418.0,United Kingdom,0,0,0.0002398588
569726,17419.0,United Kingdom,0,0,0.0003448808
C570276,17419.0,United Kingdom,1,1,0.927981
573745,17419.0,United Kingdom,0,0,0.0006150098
576924,17419.0,United Kingdom,0,0,0.0014208704
579156,17419.0,United Kingdom,0,0,0.0014169316
572094,17420.0,United Kingdom,0,0,0.0017682523
578263,17422.0,United Kingdom,0,0,0.0020825933
572474,17423.0,United Kingdom,0,0,0.0013394947
C572747,17423.0,United Kingdom,1,1,0.9107739
570287,17425.0,United Kingdom,0,0,0.00010522427
577553,17425.0,United Kingdom,0,0,0.07370363
580129,17426.0,United Kingdom,0,0,0.0012186744
580130,17426.0,United Kingdom,0,0,0.020759156
C580698,17426.0,United Kingdom,1,1,0.8930963
569840,17428.0,United Kingdom,0,0,0.004027391
569841,17428.0,United Kingdom,0,0,0.03338227
572835,17428.0,United Kingdom,0,0,0.001976614
573902,17428.0,United Kingdom,0,0,0.016950877
577044,17428.0,United Kingdom,0,0,0.01361728
577045,17428.0,United Kingdom,0,0,0.32888877
581488,17428.0,United Kingdom,0,0,0.009074368
574754,17430.0,United Kingdom,0,0,0.0057241917
574085,17432.0,United Kingdom,0,0,0.011512825
577804,17432.0,United Kingdom,0,0,0.00489042
571942,17434.0,United Kingdom,0,0,0.0010746768
574064,17434.0,United Kingdom,0,0,0.000952674
C574504,17434.0,United Kingdom,1,1,0.7100849
576833,17434.0,United Kingdom,0,0,0.009533448
578310,17434.0,United Kingdom,0,0,0.044163126
579832,17434.0,United Kingdom,0,0,0.0071007945
581137,17434.0,United Kingdom,0,0,0.0035512568
581358,17436.0,United Kingdom,0,0,0.008311736
574090,17442.0,United Kingdom,0,0,0.0005830592
C575665,17442.0,United Kingdom,1,1,0.97658837
573383,17447.0,United Kingdom,0,0,0.004732374
572751,17449.0,United Kingdom,0,0,0.0013278371
572752,17449.0,United Kingdom,0,0,0.0052302754
581191,17449.0,United Kingdom,0,0,0.00023258901
572545,17450.0,United Kingdom,0,0,0.0111291995
573452,17450.0,United Kingdom,0,0,0.014687864
574285,17450.0,United Kingdom,0,0,0.005976918
574293,17450.0,United Kingdom,0,0,0.040632963
576088,17450.0,United Kingdom,0,0,0.022582786
576090,17450.0,United Kingdom,0,0,0.016022883
577747,17450.0,United Kingdom,0,0,0.004961845
579249,17450.0,United Kingdom,0,0,0.15925215
579251,17450.0,United Kingdom,0,0,0.13886619
579252,17450.0,United Kingdom,0,0,0.15394369
579253,17450.0,United Kingdom,0,0,0.20050439
579271,17450.0,United Kingdom,0,0,0.023689846
C579277,17450.0,United Kingdom,1,0,0.24924874
580063,17450.0,United Kingdom,0,0,0.030412612
571217,17451.0,United Kingdom,0,0,0.0006308402
571218,17451.0,United Kingdom,0,0,0.26311743
578372,17451.0,United Kingdom,0,1,0.5042897
578373,17451.0,United Kingdom,0,0,0.034477487
C579781,17451.0,United Kingdom,1,1,0.8554692
C579782,17451.0,United Kingdom,1,1,0.78979445
581418,17451.0,United Kingdom,0,0,0.01696145
569917,17453.0,United Kingdom,0,0,0.016515633
577825,17453.0,United Kingdom,0,0,0.006640682
578506,17458.0,United Kingdom,0,0,0.00012975301
570482,17459.0,United Kingdom,0,0,0.0006902641
573026,17459.0,United Kingdom,0,0,0.0012069806
575587,17461.0,United Kingdom,0,0,9.3967676e-05
576911,17461.0,United Kingdom,0,0,0.00015336792
576915,17461.0,United Kingdom,0,0,0.22398052
570427,17462.0,United Kingdom,0,0,0.0006872333
C571855,17462.0,United Kingdom,1,1,0.98464024
572219,17463.0,United Kingdom,0,0,0.00015354644
578272,17463.0,United Kingdom,0,0,0.006125675
579433,17466.0,United Kingdom,0,0,0.0011931225
578802,17468.0,United Kingdom,0,0,0.0026430164
579494,17468.0,United Kingdom,0,0,0.4802264
578260,17469.0,United Kingdom,0,0,0.00043578757
572860,17470.0,United Kingdom,0,0,0.0001290663
C572546,17481.0,United Kingdom,1,1,0.9028087
574306,17481.0,United Kingdom,0,0,0.0012812287
578335,17481.0,United Kingdom,0,0,0.0014185207
580891,17481.0,United Kingdom,0,0,0.002494864
569661,17483.0,United Kingdom,0,0,0.0026064906
570695,17489.0,United Kingdom,0,0,0.008989863
569936,17490.0,United Kingdom,0,0,0.03224686
C569967,17490.0,United Kingdom,1,0,0.24218784
C580826,17490.0,United Kingdom,1,0,0.15820302
581143,17490.0,United Kingdom,0,1,0.50113076
C581145,17490.0,United Kingdom,1,0,0.042334218
581481,17490.0,United Kingdom,0,0,0.020696105
581482,17490.0,United Kingdom,0,0,0.014042578
574169,17491.0,United Kingdom,0,0,0.0063802535
578807,17491.0,United Kingdom,0,0,0.004438135
581436,17491.0,United Kingdom,0,0,0.0033351043
573866,17495.0,United Kingdom,0,0,0.0030710103
580213,17495.0,United Kingdom,0,0,0.0043636123
575494,17500.0,United Kingdom,0,0,0.15524875
576782,17500.0,United Kingdom,0,1,0.8356867
578042,17500.0,United Kingdom,0,1,0.81887263
575695,17502.0,United Kingdom,0,0,0.007741733
577734,17502.0,United Kingdom,0,0,0.025630122
578023,17502.0,United Kingdom,0,1,0.59254944
579676,17502.0,United Kingdom,0,0,0.0137223005
573780,17503.0,United Kingdom,0,0,0.0010785095
581010,17503.0,United Kingdom,0,0,0.007049008
570125,17509.0,United Kingdom,0,0,0.0008401793
570177,17509.0,United Kingdom,0,0,0.0016454809
570179,17509.0,United Kingdom,0,0,0.0010835428
570180,17509.0,United Kingdom,0,0,0.00094356446
570186,17509.0,United Kingdom,0,0,0.0014680156
570192,17509.0,United Kingdom,0,0,0.00062977005
570249,17509.0,United Kingdom,0,0,0.00033493285
C570476,17509.0,United Kingdom,1,0,0.46870896
570888,17509.0,United Kingdom,0,0,0.0005635569
C570962,17509.0,United Kingdom,1,1,0.6624003
C571014,17509.0,United Kingdom,1,1,0.5228918
576388,17510.0,United Kingdom,0,0,0.0040000007
569573,17511.0,United Kingdom,0,0,0.003012919
C569851,17511.0,United Kingdom,1,1,0.7708164
572772,17511.0,United Kingdom,0,0,0.0018983623
572773,17511.0,United Kingdom,0,0,0.02515583
575219,17511.0,United Kingdom,0,0,0.0004316175
575220,17511.0,United Kingdom,0,0,0.02526047
C575224,17511.0,United Kingdom,1,0,0.02526047
578125,17511.0,United Kingdom,0,0,0.0006754397
C578276,17511.0,United Kingdom,1,0,0.4997468
580652,17511.0,United Kingdom,0,0,0.0006716954
581020,17511.0,United Kingdom,0,0,0.0012367247
571912,17512.0,United Kingdom,0,0,0.00094813737
575850,17512.0,United Kingdom,0,0,0.0017102485
575090,17515.0,United Kingdom,0,0,0.014273479
578662,17516.0,United Kingdom,0,0,0.0003054712
578086,17519.0,United Kingdom,0,0,0.0014265337
571404,17520.0,United Kingdom,0,0,0.00037205874
569667,17521.0,United Kingdom,0,0,0.0008379762
575563,17521.0,United Kingdom,0,0,0.01152377
C576576,17521.0,United Kingdom,1,1,0.9729346
581361,17522.0,United Kingdom,0,0,0.0069721034
577527,17523.0,United Kingdom,0,0,0.001883039
577529,17523.0,United Kingdom,0,0,0.428411
578330,17523.0,United Kingdom,0,0,0.022858256
579148,17523.0,United Kingdom,0,0,0.05293345
580598,17526.0,United Kingdom,0,0,0.0012469793
C581463,17526.0,United Kingdom,1,1,0.94176435
C570460,17527.0,United Kingdom,1,1,0.9571791
571410,17527.0,United Kingdom,0,0,0.052455876
570862,17528.0,United Kingdom,0,0,0.001245026
572129,17528.0,United Kingdom,0,0,0.0019423843
573100,17528.0,United Kingdom,0,0,0.012014447
575342,17528.0,United Kingdom,0,0,0.0078444425
C575572,17528.0,United Kingdom,1,0,0.46752018
577834,17528.0,United Kingdom,0,0,0.00079847925
C579866,17528.0,United Kingdom,1,1,0.9315315
C580761,17528.0,United Kingdom,1,1,0.94897145
581399,17528.0,United Kingdom,0,0,0.010511301
573152,17530.0,United Kingdom,0,0,0.012737858
578324,17530.0,United Kingdom,0,0,0.013843453
581456,17530.0,United Kingdom,0,0,0.0044523873
571428,17534.0,United Kingdom,0,0,0.0098941345
575520,17537.0,United Kingdom,0,0,0.0011656226
576198,17538.0,United Kingdom,0,0,0.010133132
576503,17540.0,United Kingdom,0,0,0.00022412108
C579919,17540.0,United Kingdom,1,1,0.96173173
573038,17545.0,United Kingdom,0,0,0.00012904439
573068,17545.0,United Kingdom,0,0,0.0032900963
573075,17545.0,United Kingdom,0,0,0.0006837946
571736,17549.0,United Kingdom,0,0,0.3067161
576641,17549.0,United Kingdom,0,0,0.012307005
570481,17552.0,United Kingdom,0,1,0.9409227
C570480,17552.0,United Kingdom,1,0,0.40169594
C573253,17552.0,United Kingdom,1,1,0.9294949
570661,17554.0,United Kingdom,0,0,0.002306423
578103,17554.0,United Kingdom,0,0,0.012696029
581411,17554.0,United Kingdom,0,0,0.0067122956
577497,17555.0,United Kingdom,0,0,0.00015439886
572906,17557.0,United Kingdom,0,0,0.0034651272
578804,17557.0,United Kingdom,0,0,0.034757502
577511,17561.0,United Kingdom,0,0,0.0002232941
571911,17562.0,United Kingdom,0,0,0.016807973
578825,17562.0,United Kingdom,0,0,0.0038361135
572868,17564.0,United Kingdom,0,0,0.0054150913
576563,17564.0,United Kingdom,0,0,0.0010490123
576246,17566.0,United Kingdom,0,0,0.00010561058
580137,17566.0,United Kingdom,0,0,0.00054854015
571036,17567.0,United Kingdom,0,0,0.0020883966
580322,17567.0,United Kingdom,0,0,0.00038546362
572103,17571.0,United Kingdom,0,0,5.581595e-05
575620,17573.0,United Kingdom,0,0,0.003023106
571715,17576.0,United Kingdom,0,0,0.0054259836
573918,17576.0,United Kingdom,0,0,0.014530151
580128,17576.0,United Kingdom,0,0,0.008478763
C580131,17576.0,United Kingdom,1,0,0.02685451
580633,17579.0,United Kingdom,0,0,0.001115385
574684,17581.0,United Kingdom,0,0,0.00035723703
574685,17581.0,United Kingdom,0,0,0.040074203
574687,17581.0,United Kingdom,0,0,0.21966152
581579,17581.0,United Kingdom,0,0,0.00084306713
581581,17581.0,United Kingdom,0,0,0.07450433
581582,17581.0,United Kingdom,0,0,0.091751516
C579431,17584.0,United Kingdom,1,0,0.23886557
580374,17584.0,United Kingdom,0,0,0.010173134
570479,17589.0,United Kingdom,0,0,0.0011742573
573381,17590.0,United Kingdom,0,0,0.00016567868
578074,17590.0,United Kingdom,0,0,0.0013540727
581132,17590.0,United Kingdom,0,0,0.0017811008
580759,17593.0,United Kingdom,0,0,0.00020731204
574079,17595.0,United Kingdom,0,0,0.0012087472
578999,17595.0,United Kingdom,0,0,0.006729593
570168,17596.0,United Kingdom,0,0,0.00012012983
572677,17596.0,United Kingdom,0,0,0.0010958998
576792,17596.0,United Kingdom,0,0,0.0016506063
577826,17600.0,United Kingdom,0,0,0.002415366
573151,17602.0,United Kingdom,0,0,0.0008975279
C576230,17602.0,United Kingdom,1,1,0.8033935
576860,17602.0,United Kingdom,0,0,0.0005429439
581146,17602.0,United Kingdom,0,0,0.00050932326
C572117,17603.0,United Kingdom,1,1,0.8255354
574686,17608.0,United Kingdom,0,0,0.0002415822
574688,17608.0,United Kingdom,0,0,0.30120873
573345,17609.0,United Kingdom,0,0,0.0010031908
573349,17609.0,United Kingdom,0,0,0.3630095
C569909,17611.0,United Kingdom,1,1,0.9864739
573285,17611.0,United Kingdom,0,0,0.02474116
574089,17611.0,United Kingdom,0,0,0.018670728
575186,17611.0,United Kingdom,0,0,0.030266805
580286,17611.0,United Kingdom,0,0,0.0013009624
580288,17611.0,United Kingdom,0,0,0.012173737
C580747,17611.0,United Kingdom,1,1,0.93666804
571486,17612.0,United Kingdom,0,0,0.00019665423
572930,17613.0,United Kingdom,0,0,0.0014711833
572931,17613.0,United Kingdom,0,0,0.02147052
576917,17613.0,United Kingdom,0,0,0.004248559
576922,17613.0,United Kingdom,0,0,0.29457676
C576921,17613.0,United Kingdom,1,0,0.37815788
571105,17614.0,United Kingdom,0,0,0.0001366565
580401,17618.0,United Kingdom,0,0,0.00033229208
570601,17620.0,United Kingdom,0,0,0.010314943
577396,17621.0,United Kingdom,0,0,0.0068601514
574836,17623.0,United Kingdom,0,0,0.0012547205
578701,17624.0,United Kingdom,0,0,0.00018166806
571841,17625.0,United Kingdom,0,0,0.00010628526
577740,17625.0,United Kingdom,0,0,0.00019994387
569417,17629.0,United Kingdom,0,0,0.0004015528
577801,17629.0,United Kingdom,0,0,0.21828732
580395,17629.0,United Kingdom,0,0,0.001128911
581224,17631.0,United Kingdom,0,0,0.0116253365
C569993,17633.0,United Kingdom,1,1,0.8552418
575078,17633.0,United Kingdom,0,0,0.00069173134
572282,17634.0,United Kingdom,0,0,0.0012469966
574250,17634.0,United Kingdom,0,0,0.006264373
577543,17636.0,United Kingdom,0,0,0.0010215874
C579897,17636.0,United Kingdom,1,1,0.909688
575069,17637.0,United Kingdom,0,0,0.0010805618
C569955,17644.0,United Kingdom,1,1,0.79826486
574284,17644.0,United Kingdom,0,0,0.0011192454
574286,17644.0,United Kingdom,0,0,0.052435353
581401,17644.0,United Kingdom,0,0,0.00021239305
569697,17647.0,United Kingdom,0,0,0.009606348
570255,17648.0,United Kingdom,0,0,0.00054311234
577338,17650.0,United Kingdom,0,0,0.0030496742
569900,17651.0,United Kingdom,0,0,0.0010470544
572025,17651.0,United Kingdom,0,0,0.007898779
C572029,17651.0,United Kingdom,1,0,0.35957158
573319,17651.0,United Kingdom,0,0,0.0019518483
575062,17651.0,United Kingdom,0,0,0.002273161
C575626,17651.0,United Kingdom,1,1,0.9514029
579062,17651.0,United Kingdom,0,0,0.002543526
569329,17652.0,United Kingdom,0,0,0.0005824996
C569979,17652.0,United Kingdom,1,1,0.9539145
570413,17652.0,United Kingdom,0,0,0.00602912
C572463,17652.0,United Kingdom,1,1,0.50972944
573104,17652.0,United Kingdom,0,0,0.0070368797
574557,17652.0,United Kingdom,0,0,0.03764744
C575575,17652.0,United Kingdom,1,1,0.92691875
576215,17652.0,United Kingdom,0,0,0.053652044
573913,17653.0,United Kingdom,0,0,0.0004137586
574242,17653.0,United Kingdom,0,0,0.008403396
C575651,17653.0,United Kingdom,1,1,0.89785165
573382,17655.0,United Kingdom,0,0,0.00019771367
579307,17655.0,United Kingdom,0,0,0.00092781096
576196,17658.0,United Kingdom,0,0,0.0006884791
C579347,17658.0,United Kingdom,1,0,0.01010097
570649,17659.0,United Kingdom,0,0,0.00081893575
576589,17659.0,United Kingdom,0,0,0.0003402879
578026,17659.0,United Kingdom,0,0,0.0014949185
C580741,17659.0,United Kingdom,1,1,0.96735495
573945,17663.0,United Kingdom,0,0,0.0052591804
576089,17663.0,United Kingdom,0,0,0.0010525229
577689,17664.0,United Kingdom,0,0,0.002076545
569579,17666.0,United Kingdom,0,0,0.00097286364
580738,17666.0,United Kingdom,0,0,0.0025907576
569520,17667.0,United Kingdom,0,0,0.000962351
573900,17668.0,United Kingdom,0,0,0.029183364
581397,17668.0,United Kingdom,0,0,0.0042068255
573157,17669.0,United Kingdom,0,0,0.02768547
578433,17671.0,United Kingdom,0,0,0.0024362064
572082,17672.0,United Kingdom,0,0,0.00021492278
C572991,17672.0,United Kingdom,1,1,0.8931593
569470,17673.0,United Kingdom,0,0,0.00045750933
581378,17673.0,United Kingdom,0,0,0.007124686
C581384,17673.0,United Kingdom,1,0,0.29770112
C569456,17675.0,United Kingdom,1,1,0.90752465
C572529,17675.0,United Kingdom,1,0,0.07536876
573556,17675.0,United Kingdom,0,0,0.0063522262
574062,17675.0,United Kingdom,0,0,0.001692732
577318,17675.0,United Kingdom,0,0,0.0025616614
577601,17675.0,United Kingdom,0,0,0.00019129063
580105,17675.0,United Kingdom,0,0,0.0043708133
581452,17675.0,United Kingdom,0,0,0.021487404
570842,17676.0,United Kingdom,0,0,0.0007648767
580685,17676.0,United Kingdom,0,0,0.00055592647
571203,17677.0,United Kingdom,0,0,0.0067725345
571204,17677.0,United Kingdom,0,0,0.3531232
C571543,17677.0,United Kingdom,1,1,0.9430481
573110,17677.0,United Kingdom,0,0,0.021727916
573111,17677.0,United Kingdom,0,0,0.22348076
574471,17677.0,United Kingdom,0,0,0.0017319162
575873,17677.0,United Kingdom,0,0,0.019145811
581225,17677.0,United Kingdom,0,0,0.00059758197
581227,17677.0,United Kingdom,0,0,0.06682086
571547,17679.0,United Kingdom,0,0,0.0033626293
576734,17680.0,United Kingdom,0,0,0.0011448289
579499,17682.0,United Kingdom,0,0,0.00054947555
572994,17684.0,United Kingdom,0,0,0.007817257
578171,17685.0,United Kingdom,0,0,0.00091410015
580318,17686.0,United Kingdom,0,0,0.0002763578
569666,17690.0,United Kingdom,0,0,0.0067537613
572658,17690.0,United Kingdom,0,0,0.0071681077
C574472,17690.0,United Kingdom,1,1,0.94623744
574490,17690.0,United Kingdom,0,0,0.012561671
575384,17690.0,United Kingdom,0,0,0.0059558805
573888,17696.0,United Kingdom,0,0,0.00027504982
578225,17700.0,United Kingdom,0,0,0.00011971758
575475,17702.0,United Kingdom,0,0,0.00564882
574560,17703.0,United Kingdom,0,0,0.00068002526
575410,17705.0,United Kingdom,0,0,0.0004133817
580915,17705.0,United Kingdom,0,0,0.002892612
570342,17706.0,United Kingdom,0,0,0.0010139651
570353,17706.0,United Kingdom,0,0,0.069971316
C571329,17706.0,United Kingdom,1,1,0.85868806
572875,17706.0,United Kingdom,0,1,0.8911294
572877,17706.0,United Kingdom,0,0,0.082170784
580653,17706.0,United Kingdom,0,0,0.0014377108
579328,17711.0,United Kingdom,0,0,0.011534422
572853,17712.0,United Kingdom,0,0,0.0007036733
575686,17716.0,United Kingdom,0,0,0.00051644136
577000,17716.0,United Kingdom,0,0,0.030268425
573934,17719.0,United Kingdom,0,0,0.0009106563
576056,17720.0,United Kingdom,0,0,0.0005511651
C570902,17724.0,United Kingdom,1,1,0.80428547
573350,17725.0,United Kingdom,0,0,0.005796445
578315,17725.0,United Kingdom,0,0,0.007293157
578666,17727.0,United Kingdom,0,0,0.0007968826
C579783,17727.0,United Kingdom,1,1,0.9346333
569555,17728.0,United Kingdom,0,0,0.000546664
C577351,17728.0,United Kingdom,1,1,0.5155927
580735,17728.0,United Kingdom,0,0,0.00053873094
571558,17730.0,United Kingdom,0,0,0.0021327122
573185,17730.0,United Kingdom,0,0,0.012352
575765,17730.0,United Kingdom,0,0,0.0007213689
C576350,17730.0,United Kingdom,1,1,0.94516855
580980,17730.0,United Kingdom,0,0,0.00078329584
573744,17733.0,United Kingdom,0,0,0.0001618923
571412,17734.0,United Kingdom,0,0,0.0019037601
569694,17735.0,United Kingdom,0,0,0.0017990883
574069,17735.0,United Kingdom,0,0,0.0011100353
581188,17735.0,United Kingdom,0,0,0.00028884897
573161,17736.0,United Kingdom,0,0,0.38948634
C575056,17736.0,United Kingdom,1,1,0.60415936
579788,17736.0,United Kingdom,0,1,0.5422981
570847,17737.0,United Kingdom,0,0,0.0070827096
579779,17737.0,United Kingdom,0,0,0.006741173
577550,17738.0,United Kingdom,0,0,0.00044768784
569576,17739.0,United Kingdom,0,0,0.015296633
573908,17739.0,United Kingdom,0,0,0.0010498206
579008,17739.0,United Kingdom,0,0,0.00284898
576093,17744.0,United Kingdom,0,0,0.00032122363
580875,17744.0,United Kingdom,0,0,8.8662615e-05
571246,17750.0,United Kingdom,0,0,0.008909931
574289,17750.0,United Kingdom,0,0,0.024044208
580515,17750.0,United Kingdom,0,0,0.0038931614
569648,17754.0,United Kingdom,0,0,0.004533645
574032,17754.0,United Kingdom,0,0,0.00055188447
581514,17754.0,United Kingdom,0,0,0.00279846
571544,17757.0,United Kingdom,0,0,0.0023636792
574923,17757.0,United Kingdom,0,0,0.0065044607
576855,17757.0,United Kingdom,0,0,0.0027065433
577798,17757.0,United Kingdom,0,0,0.06519105
578313,17757.0,United Kingdom,0,0,0.07710154
578846,17757.0,United Kingdom,0,0,0.00046306528
580696,17757.0,United Kingdom,0,0,0.05231909
581426,17757.0,United Kingdom,0,0,0.017883923
571669,17758.0,United Kingdom,0,0,0.00013064005
577544,17758.0,United Kingdom,0,0,0.00017449025
577546,17758.0,United Kingdom,0,0,0.26954848
578072,17759.0,United Kingdom,0,0,0.00023479217
577172,17760.0,United Kingdom,0,0,0.001663217
574777,17761.0,United Kingdom,0,0,0.00048600146
572023,17764.0,United Kingdom,0,0,0.00027891612
578533,17767.0,United Kingdom,0,0,0.004465335
574709,17768.0,United Kingdom,0,0,0.000116721734
580059,17768.0,United Kingdom,0,0,0.0012198241
570679,17769.0,United Kingdom,0,0,0.0006543223
C571264,17769.0,United Kingdom,1,1,0.9692909
571266,17769.0,United Kingdom,0,0,0.0013108904
574624,17769.0,United Kingdom,0,0,0.0009811509
C576235,17769.0,United Kingdom,1,1,0.97606575
576238,17769.0,United Kingdom,0,0,0.47660497
578119,17769.0,United Kingdom,0,0,0.1126695
578856,17769.0,United Kingdom,0,0,0.00046571597
571190,17771.0,United Kingdom,0,0,0.0012846892
579286,17772.0,United Kingdom,0,0,0.0012236871
579288,17772.0,United Kingdom,0,0,0.496759
573543,17777.0,United Kingdom,0,0,0.0005331757
576508,17777.0,United Kingdom,0,0,0.00092636497
C577327,17779.0,United Kingdom,1,1,0.8757056
577329,17779.0,United Kingdom,0,0,0.003319213
571443,17785.0,United Kingdom,0,0,0.0026825517
570234,17790.0,United Kingdom,0,0,0.0009207526
575938,17790.0,United Kingdom,0,0,0.00095874665
575591,17791.0,United Kingdom,0,0,0.007215849
576274,17793.0,United Kingdom,0,0,0.00057548046
573400,17796.0,United Kingdom,0,0,0.012742176
577033,17797.0,United Kingdom,0,0,0.00024398773
577036,17797.0,United Kingdom,0,0,0.15356626
577077,17799.0,United Kingdom,0,0,0.00010565783
572220,17800.0,United Kingdom,0,0,0.0030619274
574039,17800.0,United Kingdom,0,0,0.00823417
579168,17806.0,United Kingdom,0,0,0.00078777556
570248,17809.0,United Kingdom,0,0,0.0069060386
571242,17809.0,United Kingdom,0,0,0.0019374441
578254,17809.0,United Kingdom,0,0,0.0021081083
578256,17809.0,United Kingdom,0,0,0.2235602
C578257,17809.0,United Kingdom,1,0,0.25500527
569207,17811.0,United Kingdom,0,0,0.0057744454
570212,17811.0,United Kingdom,0,0,0.010347154
571267,17811.0,United Kingdom,0,0,0.041938093
C572440,17811.0,United Kingdom,1,1,0.95604604
572447,17811.0,United Kingdom,0,0,0.010295004
C573929,17811.0,United Kingdom,1,1,0.99303657
573930,17811.0,United Kingdom,0,0,0.0365579
574870,17811.0,United Kingdom,0,0,0.026495656
576249,17811.0,United Kingdom,0,0,0.0012200711
577315,17811.0,United Kingdom,0,0,0.0007636259
577728,17811.0,United Kingdom,0,0,0.0032815493
C577731,17811.0,United Kingdom,1,1,0.55256206
579170,17811.0,United Kingdom,0,0,0.0011312659
C579172,17811.0,United Kingdom,1,0,0.1963137
580151,17811.0,United Kingdom,0,0,0.0045883525
580659,17811.0,United Kingdom,0,0,0.04922372
573894,17812.0,United Kingdom,0,0,0.051151592
578521,17812.0,United Kingdom,0,0,0.001170307
578901,17812.0,United Kingdom,0,0,0.00041281464
C569786,17813.0,United Kingdom,1,1,0.9578054
569897,17813.0,United Kingdom,0,0,0.00052247825
C571059,17813.0,United Kingdom,1,1,0.83640605
571060,17813.0,United Kingdom,0,0,0.36502302
573909,17813.0,United Kingdom,0,0,0.0013533959
578843,17813.0,United Kingdom,0,0,0.0015177433
569678,17816.0,United Kingdom,0,1,0.66545874
574161,17816.0,United Kingdom,0,1,0.93444926
580676,17817.0,United Kingdom,0,0,0.0019248722
571895,17824.0,United Kingdom,0,0,0.0005705587
580523,17827.0,United Kingdom,0,0,0.000103443446
576897,17828.0,Malta,0,0,0.00039102972
C576898,17828.0,Malta,1,1,0.68338037
C578274,17828.0,Malta,1,1,0.9806654
C579929,17828.0,Malta,1,1,0.97402835
581356,17830.0,United Kingdom,0,0,0.0027666825
574731,17831.0,United Kingdom,0,0,0.08646917
572194,17832.0,United Kingdom,0,0,0.00022395702
576873,17835.0,United Kingdom,0,0,0.032423817
579556,17835.0,United Kingdom,0,0,0.015486931
581101,17835.0,United Kingdom,0,0,0.005856015
572316,17836.0,United Kingdom,0,0,0.0034183785
569693,17837.0,United Kingdom,0,0,0.0031235504
570668,17837.0,United Kingdom,0,0,0.009079318
571258,17837.0,United Kingdom,0,0,0.0067311586
573305,17837.0,United Kingdom,0,0,0.0047346544
C573306,17837.0,United Kingdom,1,1,0.5371467
575935,17838.0,United Kingdom,0,0,0.00042095085
C575940,17838.0,United Kingdom,1,0,0.014753095
573315,17839.0,United Kingdom,0,0,0.00020108736
C569233,17841.0,United Kingdom,1,1,0.74668145
569234,17841.0,United Kingdom,0,0,0.00021805611
569235,17841.0,United Kingdom,0,0,0.24072789
C569663,17841.0,United Kingdom,1,1,0.8811402
569672,17841.0,United Kingdom,0,0,0.00052596896
569674,17841.0,United Kingdom,0,0,0.22707367
570019,17841.0,United Kingdom,0,0,0.001717315
570021,17841.0,United Kingdom,0,0,0.26270086
C570406,17841.0,United Kingdom,1,1,0.98491365
570420,17841.0,United Kingdom,0,0,0.0011297748
570818,17841.0,United Kingdom,0,0,0.00036586003
571098,17841.0,United Kingdom,0,0,0.0005683421
571498,17841.0,United Kingdom,0,0,0.0001820801
C571838,17841.0,United Kingdom,1,1,0.81302184
571846,17841.0,United Kingdom,0,0,0.00019501515
572306,17841.0,United Kingdom,0,0,7.5104115e-05
C572850,17841.0,United Kingdom,1,1,0.96711695
572863,17841.0,United Kingdom,0,0,0.0448752
572865,17841.0,United Kingdom,0,0,0.0074008624
573245,17841.0,United Kingdom,0,0,0.00014689333
573496,17841.0,United Kingdom,0,0,0.00023457759
C574010,17841.0,United Kingdom,1,1,0.95529795
574034,17841.0,United Kingdom,0,0,0.000355029
C574524,17841.0,United Kingdom,1,1,0.69915766
C574525,17841.0,United Kingdom,1,0,0.45865363
574547,17841.0,United Kingdom,0,0,0.00014170859
574549,17841.0,United Kingdom,0,0,0.11670504
575070,17841.0,United Kingdom,0,0,9.7190634e-05
575298,17841.0,United Kingdom,0,0,0.0002877528
575304,17841.0,United Kingdom,0,0,0.45179686
575753,17841.0,United Kingdom,0,0,0.0003382054
575985,17841.0,United Kingdom,0,0,0.0002042049
576665,17841.0,United Kingdom,0,0,0.0001404232
576666,17841.0,United Kingdom,0,1,0.63543975
577174,17841.0,United Kingdom,0,0,0.00043136394
C577547,17841.0,United Kingdom,1,0,0.08213127
577549,17841.0,United Kingdom,0,0,0.00011315871
C578280,17841.0,United Kingdom,1,1,0.60106194
C578282,17841.0,United Kingdom,1,1,0.6803149
578289,17841.0,United Kingdom,0,0,0.0002800964
578678,17841.0,United Kingdom,0,0,0.00058586843
578852,17841.0,United Kingdom,0,0,0.000111954476
579516,17841.0,United Kingdom,0,0,0.00045204064
580136,17841.0,United Kingdom,0,0,0.0004964458
580295,17841.0,United Kingdom,0,0,0.0005437948
580956,17841.0,United Kingdom,0,0,0.00037433105
581334,17841.0,United Kingdom,0,0,0.0003214626
579129,17852.0,United Kingdom,0,0,0.40328312
579133,17852.0,United Kingdom,0,0,0.06907107
581221,17856.0,United Kingdom,0,0,0.0022710962
572696,17857.0,United Kingdom,0,0,0.0056425985
574276,17857.0,United Kingdom,0,0,0.013480997
574277,17857.0,United Kingdom,0,0,0.25085396
574860,17857.0,United Kingdom,0,0,0.047802754
575328,17857.0,United Kingdom,0,0,0.018686257
578060,17857.0,United Kingdom,0,0,0.016775168
580645,17857.0,United Kingdom,0,0,0.009624826
580646,17857.0,United Kingdom,0,0,0.08498948
C580913,17857.0,United Kingdom,1,0,0.42597756
571411,17858.0,United Kingdom,0,0,0.0044719493
580403,17858.0,United Kingdom,0,0,0.0033889748
575611,17861.0,United Kingdom,0,0,0.03609804
576555,17861.0,United Kingdom,0,0,0.047155727
580982,17861.0,United Kingdom,0,0,0.0011060085
570652,17863.0,United Kingdom,0,0,0.0010902637
578853,17864.0,United Kingdom,0,0,0.0017849987
572767,17865.0,United Kingdom,0,0,0.0003921786
572768,17865.0,United Kingdom,0,0,0.071627386
C573756,17865.0,United Kingdom,1,1,0.82968324
575269,17865.0,United Kingdom,0,0,0.0037884437
575337,17867.0,United Kingdom,0,0,0.0013699569
575338,17867.0,United Kingdom,0,1,0.63183993
572569,17870.0,United Kingdom,0,0,0.0021409467
574994,17870.0,United Kingdom,0,0,0.003121323
578707,17870.0,United Kingdom,0,0,0.00013171916
581173,17870.0,United Kingdom,0,0,0.0019916773
572997,17878.0,United Kingdom,0,0,0.00071671203
578824,17883.0,United Kingdom,0,0,0.00012715938
580999,17883.0,United Kingdom,0,0,0.0024614716
580822,17884.0,United Kingdom,0,0,0.0042975103
578950,17885.0,United Kingdom,0,0,0.00045447794
574959,17886.0,United Kingdom,0,0,0.00073763944
570638,17888.0,United Kingdom,0,0,0.0072306828
573912,17888.0,United Kingdom,0,0,0.37375852
577322,17888.0,United Kingdom,0,0,0.14662485
C577614,17888.0,United Kingdom,1,0,0.17735282
571043,17892.0,United Kingdom,0,1,0.8118219
571250,17892.0,United Kingdom,0,0,0.48229954
572922,17895.0,United Kingdom,0,0,0.0053329594
576791,17896.0,United Kingdom,0,0,0.017974718
575710,17901.0,United Kingdom,0,0,0.0027782486
577302,17904.0,United Kingdom,0,0,0.00038941432
C577323,17904.0,United Kingdom,1,1,0.72473973
579754,17911.0,United Kingdom,0,0,0.001090176
570719,17913.0,United Kingdom,0,0,0.0015425246
580865,17914.0,United Kingdom,0,0,0.00013155323
572675,17917.0,United Kingdom,0,0,0.0005586096
571546,17920.0,United Kingdom,0,0,0.05112682
574721,17920.0,United Kingdom,0,0,0.00031737107
575943,17920.0,United Kingdom,0,0,0.0006238097
578818,17920.0,United Kingdom,0,0,0.00070494926
579089,17920.0,United Kingdom,0,0,0.002956893
580119,17920.0,United Kingdom,0,0,0.00076642935
580672,17920.0,United Kingdom,0,0,0.0002585075
569968,17921.0,United Kingdom,0,0,0.0056038606
569247,17924.0,United Kingdom,0,0,0.0006417726
573599,17924.0,United Kingdom,0,0,0.0025752382
573600,17924.0,United Kingdom,0,0,0.1760133
C574957,17924.0,United Kingdom,1,1,0.9713045
579006,17924.0,United Kingdom,0,0,0.03115717
579007,17924.0,United Kingdom,0,0,0.10344974
C579169,17924.0,United Kingdom,1,0,0.37774357
C581470,17924.0,United Kingdom,1,1,0.9198529
572682,17928.0,United Kingdom,0,0,0.0019718008
579245,17929.0,United Kingdom,0,0,0.22005852
569889,17930.0,United Kingdom,0,0,0.0039723413
574346,17930.0,United Kingdom,0,0,0.0015082038
575729,17932.0,United Kingdom,0,0,0.0008194092
570720,17934.0,United Kingdom,0,0,0.0011504869
571749,17934.0,United Kingdom,0,0,0.20978875
580504,17936.0,United Kingdom,0,0,0.00014748506
575147,17937.0,United Kingdom,0,0,0.0003341878
580023,17937.0,United Kingdom,0,0,0.0037179855
572222,17940.0,United Kingdom,0,0,0.02232922
580159,17942.0,United Kingdom,0,0,0.03611581
574042,17947.0,United Kingdom,0,0,0.004811458
570281,17949.0,United Kingdom,0,0,0.034456816
571199,17949.0,United Kingdom,0,0,0.10171533
C572428,17949.0,United Kingdom,1,1,0.91039133
573261,17949.0,United Kingdom,0,0,0.028242897
577810,17949.0,United Kingdom,0,0,0.009681612
580169,17949.0,United Kingdom,0,0,0.12345874
580170,17949.0,United Kingdom,0,0,0.051131934
C580171,17949.0,United Kingdom,1,0,0.19144744
580172,17949.0,United Kingdom,0,0,0.15234964
581458,17949.0,United Kingdom,0,0,0.11283642
581459,17949.0,United Kingdom,0,0,0.20112245
573512,17951.0,United Kingdom,0,0,0.0010389601
569238,17954.0,United Kingdom,0,0,0.0040577995
580516,17954.0,United Kingdom,0,0,0.0006280219
569530,17957.0,United Kingdom,0,0,0.0010584884
575163,17961.0,United Kingdom,0,1,0.94804895
577382,17961.0,United Kingdom,0,1,0.8582836
577387,17961.0,United Kingdom,0,0,0.29221758
574965,17964.0,United Kingdom,0,0,0.0014210464
570503,17965.0,United Kingdom,0,0,0.3178362
573923,17965.0,United Kingdom,0,0,0.0020263118
573932,17966.0,United Kingdom,0,0,0.0054307356
571740,17973.0,United Kingdom,0,0,0.000527265
572903,17974.0,United Kingdom,0,0,0.0005564407
576463,17974.0,United Kingdom,0,0,0.00024267068
570024,17975.0,United Kingdom,0,0,0.001204521
578511,17975.0,United Kingdom,0,0,0.0014368992
575627,17977.0,United Kingdom,0,0,0.0034993906
574474,17979.0,United Kingdom,0,0,0.0023155976
577056,17985.0,United Kingdom,0,0,0.00074580545
571232,17986.0,United Kingdom,0,0,0.31694034
578848,17988.0,United Kingdom,0,1,0.7672072
579095,17988.0,United Kingdom,0,1,0.7022152
574077,17999.0,United Kingdom,0,0,0.0005396018
578997,18001.0,United Kingdom,0,0,0.0015748297
572300,18005.0,United Kingdom,0,0,0.00063946773
580848,18005.0,United Kingdom,0,0,0.0014151563
576879,18006.0,United Kingdom,0,0,0.012484108
575904,18014.0,United Kingdom,0,0,0.00022363929
580678,18015.0,United Kingdom,0,0,0.0012885648
574880,18016.0,United Kingdom,0,0,0.001182053
571836,18019.0,United Kingdom,0,1,0.50436807
574481,18022.0,United Kingdom,0,0,9.957912e-05
573282,18030.0,United Kingdom,0,0,0.0030525809
C573283,18030.0,United Kingdom,1,1,0.72597545
580713,18030.0,United Kingdom,0,0,0.020421742
569714,18033.0,United Kingdom,0,0,0.0018307101
577230,18034.0,United Kingdom,0,0,0.00021708981
577252,18034.0,United Kingdom,0,0,0.0005299435
573142,18035.0,United Kingdom,0,0,0.0045806686
573144,18035.0,United Kingdom,0,0,0.013656386
574479,18035.0,United Kingdom,0,0,0.037675455
574893,18036.0,United Kingdom,0,0,0.0012631653
577538,18040.0,United Kingdom,0,0,0.0022597227
574143,18041.0,United Kingdom,0,0,0.028143669
576861,18041.0,United Kingdom,0,0,0.03188986
579103,18041.0,United Kingdom,0,0,0.0002147767
571352,18042.0,United Kingdom,0,0,0.0327662
576540,18043.0,United Kingdom,0,0,0.0038339894
574088,18044.0,United Kingdom,0,0,0.00085878646
C574548,18044.0,United Kingdom,1,1,0.6546862
580670,18044.0,United Kingdom,0,0,0.0068444875
572668,18045.0,United Kingdom,0,0,0.00041277116
C569548,18053.0,United Kingdom,1,1,0.9735589
573501,18055.0,United Kingdom,0,0,0.00051233603
580304,18055.0,United Kingdom,0,0,0.00047176558
579526,18058.0,United Kingdom,0,0,0.014074507
569240,18059.0,United Kingdom,0,0,0.0041966564
572893,18059.0,United Kingdom,0,0,0.08166911
576878,18059.0,United Kingdom,0,0,0.06602123
C579876,18059.0,United Kingdom,1,1,0.94929063
569569,18061.0,United Kingdom,0,0,0.022321207
577179,18061.0,United Kingdom,0,0,0.015782561
580386,18065.0,United Kingdom,0,0,0.0015278588
580387,18065.0,United Kingdom,0,0,0.01159985
580388,18065.0,United Kingdom,0,0,0.011022304
573407,18067.0,United Kingdom,0,0,0.00021160916
576071,18069.0,United Kingdom,0,0,0.0003860437
C576072,18069.0,United Kingdom,1,0,0.31383777
570590,18075.0,United Kingdom,0,0,0.005494905
576838,18075.0,United Kingdom,0,0,0.004042168
571748,18077.0,United Kingdom,0,0,0.010658653
573069,18077.0,United Kingdom,0,0,0.029280465
574590,18077.0,United Kingdom,0,0,0.012731666
580064,18077.0,United Kingdom,0,0,0.0032506802
572732,18079.0,United Kingdom,0,0,0.00018738334
572733,18079.0,United Kingdom,0,0,0.026204798
577596,18080.0,United Kingdom,0,0,0.015853878
574305,18081.0,United Kingdom,0,0,0.012315319
576212,18082.0,United Kingdom,0,0,0.0002484401
578286,18084.0,United Kingdom,0,0,0.028937854
570230,18088.0,United Kingdom,0,0,0.00018989314
573778,18092.0,United Kingdom,0,0,0.0006364107
C575666,18092.0,United Kingdom,1,1,0.9527439
581135,18092.0,United Kingdom,0,0,0.0043915277
570093,18096.0,United Kingdom,0,0,0.00025529275
571046,18096.0,United Kingdom,0,0,0.0003289554
579135,18096.0,United Kingdom,0,0,0.000592224
580164,18097.0,United Kingdom,0,0,0.00021286237
579155,18101.0,United Kingdom,0,0,0.0022570107
569255,18102.0,United Kingdom,0,0,0.004123422
569257,18102.0,United Kingdom,0,0,0.013739219
569263,18102.0,United Kingdom,0,0,0.02498534
569343,18102.0,United Kingdom,0,0,0.016211266
569362,18102.0,United Kingdom,0,0,0.028524589
569365,18102.0,United Kingdom,0,0,0.036780808
569366,18102.0,United Kingdom,0,0,0.1801252
569539,18102.0,United Kingdom,0,0,0.15607812
572196,18102.0,United Kingdom,0,0,0.0017422878
572197,18102.0,United Kingdom,0,0,0.25745082
572209,18102.0,United Kingdom,0,0,0.021636626
574341,18102.0,United Kingdom,0,0,0.00536848
574352,18102.0,United Kingdom,0,0,0.027168619
574355,18102.0,United Kingdom,0,0,0.06942587
574363,18102.0,United Kingdom,0,0,0.023965929
574383,18102.0,United Kingdom,0,0,0.06435028
579139,18102.0,United Kingdom,0,0,0.026748972
581455,18102.0,United Kingdom,0,0,0.004795777
581457,18102.0,United Kingdom,0,0,0.014987839
581566,18102.0,United Kingdom,0,0,0.09280098
574054,18104.0,United Kingdom,0,0,0.00026802145
574016,18105.0,United Kingdom,0,0,0.0015560915
569965,18109.0,United Kingdom,0,0,0.004801226
572303,18109.0,United Kingdom,0,0,0.00073018594
575215,18109.0,United Kingdom,0,0,0.017248694
578834,18109.0,United Kingdom,0,0,0.0016433311
580316,18109.0,United Kingdom,0,0,0.0012136006
580356,18109.0,United Kingdom,0,0,0.25419602
581281,18109.0,United Kingdom,0,0,0.011364478
577503,18110.0,United Kingdom,0,0,0.00018614854
C577513,18110.0,United Kingdom,1,0,0.42839614
578952,18112.0,United Kingdom,0,0,0.00057103095
569254,18116.0,United Kingdom,0,0,0.0030996527
576213,18117.0,United Kingdom,0,0,0.00013108928
571654,18118.0,United Kingdom,0,0,0.0025045255
572192,18118.0,United Kingdom,0,0,0.00033267212
572856,18118.0,United Kingdom,0,0,0.00598035
575756,18118.0,United Kingdom,0,0,0.0043746517
577438,18118.0,United Kingdom,0,0,0.00052153086
579301,18118.0,United Kingdom,0,0,0.0027439308
571280,18122.0,United Kingdom,0,0,0.0003277689
574444,18122.0,United Kingdom,0,0,0.004544211
577058,18122.0,United Kingdom,0,0,0.00038134356
580054,18122.0,United Kingdom,0,0,0.00033009605
575083,18123.0,United Kingdom,0,0,0.00024396725
576587,18123.0,United Kingdom,0,0,0.03034816
575603,18125.0,United Kingdom,0,0,0.0041597467
570333,18126.0,United Kingdom,0,0,0.00023156914
577508,18127.0,United Kingdom,0,0,0.00038277294
577534,18127.0,United Kingdom,0,0,0.03140386
571104,18130.0,United Kingdom,0,0,0.00048323398
575740,18130.0,United Kingdom,0,0,0.0008552134
578532,18130.0,United Kingdom,0,0,0.0048497617
C579903,18130.0,United Kingdom,1,1,0.9560541
573917,18135.0,United Kingdom,0,0,0.07898161
575038,18135.0,United Kingdom,0,0,0.13526668
575727,18135.0,United Kingdom,0,0,0.1473242
570196,18136.0,United Kingdom,0,0,0.0018051002
577745,18139.0,United Kingdom,0,0,0.00048162817
577754,18139.0,United Kingdom,0,0,0.008175783
577772,18139.0,United Kingdom,0,0,0.043556754
577783,18139.0,United Kingdom,0,0,0.019455096
577816,18139.0,United Kingdom,0,0,0.012401714
577845,18139.0,United Kingdom,0,0,0.1216507
C578073,18139.0,United Kingdom,1,0,0.42940962
C578076,18139.0,United Kingdom,1,0,0.2365496
575191,18144.0,United Kingdom,0,0,0.0016598294
580264,18144.0,United Kingdom,0,0,0.08825236
578858,18145.0,United Kingdom,0,0,0.0004689296
572616,18147.0,United Kingdom,0,0,0.033289865
572036,18149.0,United Kingdom,0,0,0.021027308
574933,18150.0,United Kingdom,0,0,0.011898276
572960,18154.0,United Kingdom,0,0,0.00842735
580988,18154.0,United Kingdom,0,0,0.008896597
578926,18156.0,United Kingdom,0,0,0.00013225847
579840,18158.0,United Kingdom,0,0,0.113507584
571103,18160.0,United Kingdom,0,0,0.00045081723
569826,18161.0,United Kingdom,0,0,0.0006441836
578653,18161.0,United Kingdom,0,0,0.0018754372
C579496,18161.0,United Kingdom,1,1,0.94492024
574038,18164.0,United Kingdom,0,0,0.00097381236
C575171,18164.0,United Kingdom,1,1,0.9823904
574523,18167.0,United Kingdom,0,0,0.0012277962
C576244,18167.0,United Kingdom,1,1,0.97176975
576859,18167.0,United Kingdom,0,0,0.007453134
C580749,18167.0,United Kingdom,1,1,0.95236605
570332,18169.0,United Kingdom,0,0,0.025819084
574717,18170.0,United Kingdom,0,0,0.0012702771
570698,18171.0,United Kingdom,0,0,0.013666813
C569960,18172.0,United Kingdom,1,1,0.9317816
574466,18172.0,United Kingdom,0,0,0.000591663
574467,18172.0,United Kingdom,0,0,0.445694
574468,18172.0,United Kingdom,0,0,0.12925884
575207,18172.0,United Kingdom,0,0,0.014256039
575208,18172.0,United Kingdom,0,0,0.18094392
578704,18172.0,United Kingdom,0,0,0.016229436
580371,18174.0,United Kingdom,0,0,0.087390974
575132,18177.0,United Kingdom,0,0,0.0006236477
571444,18179.0,United Kingdom,0,0,0.00041139565
579848,18179.0,United Kingdom,0,0,0.014657194
570593,18180.0,United Kingdom,0,0,0.00011032771
580539,18180.0,United Kingdom,0,0,0.001421994
576600,18181.0,United Kingdom,0,0,0.0008007457
578622,18184.0,United Kingdom,0,0,0.2954976
C572473,18188.0,United Kingdom,1,1,0.9638307
578661,18188.0,United Kingdom,0,0,0.0036330495
C569987,18194.0,United Kingdom,1,0,0.14040813
575140,18198.0,United Kingdom,0,0,0.0017731137
580679,18198.0,United Kingdom,0,0,0.00047646544
574251,18205.0,United Kingdom,0,0,0.003559291
575847,18209.0,United Kingdom,0,0,0.0041569998
571913,18210.0,United Kingdom,0,0,0.00020073757
575493,18210.0,United Kingdom,0,0,0.001589023
577161,18210.0,United Kingdom,0,0,0.0070969528
579527,18210.0,United Kingdom,0,0,0.0014986785
581251,18210.0,United Kingdom,0,0,0.009712369
573032,18211.0,United Kingdom,0,0,0.004720347
576080,18211.0,United Kingdom,0,0,0.38891238
575164,18216.0,United Kingdom,0,0,0.0023030164
575624,18217.0,United Kingdom,0,0,0.0022130937
573145,18219.0,United Kingdom,0,0,0.0014551288
C574489,18219.0,United Kingdom,1,1,0.8056182
581099,18219.0,United Kingdom,0,0,0.008688893
569932,18221.0,United Kingdom,0,0,0.016010003
577062,18221.0,United Kingdom,0,0,0.0033395025
569691,18223.0,United Kingdom,0,0,0.007425764
573420,18223.0,United Kingdom,0,0,0.0047337827
C574954,18223.0,United Kingdom,1,1,0.85343784
580543,18223.0,United Kingdom,0,0,0.0023098742
C581322,18223.0,United Kingdom,1,1,0.97466755
573027,18225.0,United Kingdom,0,0,0.0037912037
576906,18225.0,United Kingdom,0,0,0.0016201447
577311,18225.0,United Kingdom,0,0,0.013007794
580909,18225.0,United Kingdom,0,0,0.0006856263
572882,18226.0,United Kingdom,0,0,0.0012888525
C573765,18226.0,United Kingdom,1,1,0.9342142
571121,18228.0,United Kingdom,0,0,0.0035707518
C572118,18228.0,United Kingdom,1,1,0.98403174
570825,18229.0,United Kingdom,0,0,0.004731954
574890,18229.0,United Kingdom,0,0,0.0014388039
577744,18229.0,United Kingdom,0,0,0.0040298398
579013,18229.0,United Kingdom,0,0,0.0061790687
575688,18230.0,United Kingdom,0,0,0.010438533
C577081,18230.0,United Kingdom,1,1,0.9604189
579678,18230.0,United Kingdom,0,0,0.005412344
575492,18236.0,United Kingdom,0,0,0.0048342366
569664,18237.0,United Kingdom,0,0,0.0097804535
581130,18237.0,United Kingdom,0,0,0.008007678
572462,18240.0,United Kingdom,0,0,0.0016881211
570504,18241.0,United Kingdom,0,0,0.008559132
571510,18241.0,United Kingdom,0,0,0.0358924
572139,18241.0,United Kingdom,0,0,0.2903886
579619,18241.0,United Kingdom,0,0,0.01638454
580311,18245.0,United Kingdom,0,0,0.0002466805
576668,18246.0,United Kingdom,0,0,0.0013090096
578058,18249.0,United Kingdom,0,0,0.006057246
572058,18252.0,United Kingdom,0,0,0.00014440755
569358,18257.0,United Kingdom,0,0,0.0007594086
569359,18257.0,United Kingdom,0,0,0.3628273
573587,18257.0,United Kingdom,0,0,0.002856333
576521,18259.0,United Kingdom,0,0,0.0007963815
573113,18261.0,United Kingdom,0,0,0.01163353
576092,18263.0,United Kingdom,0,0,0.0004377106
C576868,18263.0,United Kingdom,1,1,0.90554523
573893,18270.0,United Kingdom,0,0,0.0006486143
572617,18272.0,United Kingdom,0,0,0.00020989291
581126,18272.0,United Kingdom,0,0,0.0010017363
581136,18273.0,United Kingdom,0,0,0.06858909
575485,18274.0,United Kingdom,0,0,0.018310683
C577832,18274.0,United Kingdom,1,0,0.038585927
572990,18276.0,United Kingdom,0,0,0.0005274729
C577386,18276.0,United Kingdom,1,1,0.900367
C577390,18276.0,United Kingdom,1,0,0.4298459
570859,18277.0,United Kingdom,0,0,0.0012698784
580173,18282.0,United Kingdom,0,0,0.012841533
573093,18283.0,United Kingdom,0,0,0.0033105577
575668,18283.0,United Kingdom,0,0,0.00069652864
575675,18283.0,United Kingdom,0,0,0.27455765
578262,18283.0,United Kingdom,0,0,0.00019644582
579673,18283.0,United Kingdom,0,0,0.011017066
580872,18283.0,United Kingdom,0,0,0.005582315
570715,18287.0,United Kingdom,0,0,0.00033174164
573167,18287.0,United Kingdom,0,0,0.04762041
569237,Anonim,United Kingdom,0,0,0.18699409
569321,Anonim,United Kingdom,0,0,0.06534167
569372,Anonim,United Kingdom,0,0,0.00017420397
569374,Anonim,United Kingdom,0,0,0.00035201333
569414,Anonim,United Kingdom,0,0,0.0011022368
569415,Anonim,United Kingdom,0,0,0.000327138
C569495,Anonim,Hong Kong,1,1,0.8966565
569516,Anonim,United Kingdom,0,1,0.59162647
569534,Anonim,United Kingdom,0,0,0.2998068
569544,Anonim,United Kingdom,0,0,0.00023370069
569545,Anonim,United Kingdom,0,0,0.00010928951
569551,Anonim,United Kingdom,0,0,0.18348803
569676,Anonim,United Kingdom,0,0,0.11416226
569700,Anonim,United Kingdom,0,0,0.00047932786
569816,Anonim,United Kingdom,0,0,0.38944873
569818,Anonim,United Kingdom,0,1,0.7891932
569863,Anonim,United Kingdom,0,1,0.826361
569869,Anonim,United Kingdom,0,0,0.052207846
569896,Anonim,United Kingdom,0,0,0.01368998
569898,Anonim,United Kingdom,0,0,0.00016420425
C570025,Anonim,United Kingdom,1,1,0.9193882
570087,Anonim,United Kingdom,0,0,0.00022246428
570187,Anonim,United Kingdom,0,0,7.414324e-05
570202,Anonim,United Kingdom,0,0,0.42486525
570236,Anonim,United Kingdom,0,0,0.011099474
570258,Anonim,United Kingdom,0,0,0.00017086904
570286,Anonim,United Kingdom,0,1,0.5963196
570417,Anonim,United Kingdom,0,1,0.5807178
C570453,Anonim,United Kingdom,1,1,0.7090392
C570454,Anonim,United Kingdom,1,1,0.76175505
C570456,Anonim,United Kingdom,1,1,0.91836804
570462,Anonim,United Kingdom,0,0,0.46156263
C570463,Anonim,United Kingdom,1,1,0.86113703
C570464,Anonim,United Kingdom,1,1,0.81378
570465,Anonim,United Kingdom,0,0,0.00039081043
C570468,Anonim,United Kingdom,1,1,0.8045443
570470,Anonim,United Kingdom,0,0,0.032992877
570472,Anonim,United Kingdom,0,0,0.44012785
570473,Anonim,United Kingdom,0,0,0.03220257
570474,Anonim,United Kingdom,0,0,0.4675849
570475,Anonim,United Kingdom,0,0,0.0054708053
570497,Anonim,United Kingdom,0,0,0.30997074
570592,Anonim,United Kingdom,0,0,0.00023215299
C570654,Anonim,United Kingdom,1,1,0.8980883
570688,Anonim,United Kingdom,0,0,0.00031827707
570690,Anonim,United Kingdom,0,0,0.00016344381
570761,Anonim,United Kingdom,0,0,0.1577319
570837,Anonim,United Kingdom,0,0,0.024864618
570838,Anonim,United Kingdom,0,0,0.06416473
570858,Anonim,United Kingdom,0,0,0.23374748
570871,Anonim,United Kingdom,0,0,0.00017750447
570872,Anonim,United Kingdom,0,0,0.00011450063
571052,Anonim,United Kingdom,0,0,0.1473968
571061,Anonim,United Kingdom,0,0,0.00018421563
571082,Anonim,United Kingdom,0,0,0.00012675927
571119,Anonim,United Kingdom,0,0,0.00035518862
C571196,Anonim,United Kingdom,1,0,0.028529122
571222,Anonim,United Kingdom,0,0,0.29494348
571256,Anonim,United Kingdom,0,0,0.21351735
571257,Anonim,United Kingdom,0,0,0.00027762965
571305,Anonim,United Kingdom,0,0,0.00018681069
571500,Anonim,United Kingdom,0,0,0.0028378114
C571501,Anonim,United Kingdom,1,1,0.836792
571508,Anonim,United Kingdom,0,0,0.00034660203
571545,Anonim,United Kingdom,0,0,0.15243393
571554,Anonim,United Kingdom,0,0,0.00039368178
571652,Anonim,Hong Kong,0,0,0.0017628563
571700,Anonim,United Kingdom,0,0,0.31483233
571703,Anonim,United Kingdom,0,0,0.31287464
571713,Anonim,United Kingdom,0,0,0.00022784248
571714,Anonim,United Kingdom,0,0,0.00032387866
571716,Anonim,United Kingdom,0,0,0.0004540449
571797,Anonim,United Kingdom,0,0,0.0002128699
571891,Anonim,United Kingdom,0,0,0.16771184
571894,Anonim,United Kingdom,0,0,0.26269332
571910,Anonim,United Kingdom,0,0,0.23741417
571929,Anonim,United Kingdom,0,0,0.03248974
571930,Anonim,United Kingdom,0,1,0.56863827
571931,Anonim,United Kingdom,0,0,0.00016111752
571932,Anonim,United Kingdom,0,0,0.18324168
572072,Anonim,United Kingdom,0,0,0.33646473
572097,Anonim,United Kingdom,0,0,0.22975363
572099,Anonim,United Kingdom,0,0,0.25877002
572185,Anonim,United Kingdom,0,0,0.00083553436
572190,Anonim,United Kingdom,0,0,0.093683936
C572346,Anonim,United Kingdom,1,1,0.94608635
C572347,Anonim,United Kingdom,1,1,0.510873
C572398,Anonim,United Kingdom,1,1,0.9093471
C572422,Anonim,United Kingdom,1,1,0.92099375
C572441,Anonim,United Kingdom,1,1,0.9081667
C572444,Anonim,United Kingdom,1,1,0.92808163
C572445,Anonim,United Kingdom,1,1,0.92099375
C572446,Anonim,United Kingdom,1,1,0.934466
C572448,Anonim,United Kingdom,1,1,0.93771607
C572450,Anonim,United Kingdom,1,1,0.9358417
C572455,Anonim,United Kingdom,1,1,0.93865734
C572456,Anonim,United Kingdom,1,1,0.91973525
C572467,Anonim,United Kingdom,1,1,0.90552914
C572470,Anonim,United Kingdom,1,1,0.8831083
572515,Anonim,United Kingdom,0,0,0.089820914
572540,Anonim,United Kingdom,0,0,0.00022566773
572549,Anonim,United Kingdom,0,0,0.00040449732
572550,Anonim,United Kingdom,0,0,0.00026518074
572553,Anonim,United Kingdom,0,0,0.00043791215
572665,Anonim,United Kingdom,0,1,0.6622442
572680,Anonim,Portugal,0,0,0.0055237873
572704,Anonim,United Kingdom,0,0,0.00022020371
572757,Anonim,United Kingdom,0,1,0.6369318
572758,Anonim,United Kingdom,0,0,0.00019746744
572849,Anonim,United Kingdom,0,1,0.58911026
572883,Anonim,United Kingdom,0,0,0.23133641
572897,Anonim,United Kingdom,0,0,0.00019519319
573025,Anonim,United Kingdom,0,0,0.45803115
573137,Anonim,United Kingdom,0,0,0.00033525936
573154,Anonim,Hong Kong,0,0,0.015649017
573174,Anonim,United Kingdom,0,0,0.020637881
573176,Anonim,United Kingdom,0,0,0.06960882
573177,Anonim,United Kingdom,0,1,0.5957668
C573180,Anonim,United Kingdom,1,1,0.5886869
573181,Anonim,United Kingdom,0,1,0.52565795
573267,Anonim,United Kingdom,0,0,0.029778996
573274,Anonim,United Kingdom,0,0,0.00020385455
573286,Anonim,Switzerland,0,0,0.00037047788
573290,Anonim,Switzerland,0,1,0.6415378
573307,Anonim,United Kingdom,0,1,0.81758016
573308,Anonim,United Kingdom,0,0,0.2867222
573310,Anonim,United Kingdom,0,0,0.27067786
573313,Anonim,United Kingdom,0,0,0.37526423
573426,Anonim,United Kingdom,0,0,0.0011548899
573540,Anonim,United Kingdom,0,1,0.5242597
C573549,Anonim,United Kingdom,1,1,0.915917
C573550,Anonim,United Kingdom,1,1,0.6997241
573553,Anonim,United Kingdom,0,0,0.0003279549
573580,Anonim,United Kingdom,0,0,0.00050414755
573585,Anonim,United Kingdom,0,0,0.00064417225
573589,Anonim,United Kingdom,0,0,0.122632794
573601,Anonim,United Kingdom,0,0,0.00031559906
573633,Anonim,United Kingdom,0,0,0.0007792124
573669,Anonim,United Kingdom,0,0,0.42135933
573916,Anonim,United Kingdom,0,0,0.018053615
574074,Anonim,United Kingdom,0,0,0.00020219614
574076,Anonim,United Kingdom,0,0,0.00018863029
574270,Anonim,United Kingdom,0,0,0.26092574
C574288,Anonim,United Kingdom,1,1,0.73614985
574298,Anonim,United Kingdom,0,0,0.0001845604
574309,Anonim,United Kingdom,0,0,0.36836633
574356,Anonim,United Kingdom,0,0,0.0010485796
574428,Anonim,United Kingdom,0,0,0.44036666
574432,Anonim,United Kingdom,0,0,0.023014883
574519,Anonim,United Kingdom,0,0,0.18303227
574556,Anonim,United Kingdom,0,0,0.076508135
574561,Anonim,United Kingdom,0,0,0.00011475848
574574,Anonim,United Kingdom,0,0,0.15562578
574742,Anonim,United Kingdom,0,0,0.27933952
574856,Anonim,United Kingdom,0,0,0.00028921297
C574897,Anonim,United Kingdom,1,1,0.92624986
C574902,Anonim,United Kingdom,1,1,0.8360065
574918,Anonim,France,0,0,0.009438171
574941,Anonim,United Kingdom,0,0,0.006874581
574950,Anonim,United Kingdom,0,0,0.00013157669
574967,Anonim,United Kingdom,0,0,0.00040285586
575057,Anonim,United Kingdom,0,1,0.62498945
575084,Anonim,United Kingdom,0,0,0.35816982
575130,Anonim,United Kingdom,0,0,0.45026296
575138,Anonim,United Kingdom,0,0,0.0006032429
C575153,Anonim,United Kingdom,1,1,0.54254365
575162,Anonim,United Kingdom,0,0,0.34114426
575176,Anonim,United Kingdom,0,0,0.00032709184
575177,Anonim,United Kingdom,0,0,0.0002181915
575477,Anonim,United Kingdom,0,0,0.00033063718
575601,Anonim,United Kingdom,0,0,0.008156133
575649,Anonim,United Kingdom,0,0,0.00047943497
575677,Anonim,United Kingdom,0,0,0.18173307
575696,Anonim,United Kingdom,0,0,0.49349996
575739,Anonim,United Kingdom,0,0,0.00025306974
575748,Anonim,United Kingdom,0,0,0.0009602394
575759,Anonim,France,0,0,0.13432084
575844,Anonim,United Kingdom,0,0,0.010466458
575875,Anonim,United Kingdom,0,0,0.00023695473
575881,Anonim,United Kingdom,0,0,0.28264716
575900,Anonim,United Kingdom,0,0,0.01636749
575901,Anonim,United Kingdom,0,0,0.11804464
575906,Anonim,United Kingdom,0,0,0.0053367065
575925,Anonim,United Kingdom,0,0,0.116913326
575928,Anonim,United Kingdom,0,0,0.13981463
575930,Anonim,United Kingdom,0,0,0.00022107043
575934,Anonim,United Kingdom,0,1,0.802863
575947,Anonim,United Kingdom,0,0,0.00051234115
575973,Anonim,EIRE,0,0,0.00080343336
575974,Anonim,EIRE,0,0,0.31088245
C576233,Anonim,Hong Kong,1,1,0.5134974
576234,Anonim,Hong Kong,0,1,0.5313984
576329,Anonim,United Kingdom,0,0,0.0003064607
576365,Anonim,United Kingdom,0,0,0.0044451226
576391,Anonim,United Kingdom,0,0,0.0005879805
576588,Anonim,United Kingdom,0,0,0.21895692
576617,Anonim,United Kingdom,0,0,0.0003477391
576618,Anonim,United Kingdom,0,0,0.0004279481
576644,Anonim,United Kingdom,0,0,0.0007499155
576646,Anonim,Unspecified,0,0,0.043656275
576828,Anonim,United Kingdom,0,0,0.037161175
576829,Anonim,EIRE,0,0,0.054976095
576837,Anonim,United Kingdom,0,0,0.0003649505
576840,Anonim,United Kingdom,0,0,0.00034889666
577078,Anonim,United Kingdom,0,0,0.00027542142
577150,Anonim,United Kingdom,0,0,0.001660347
577181,Anonim,United Kingdom,0,0,0.022944989
577231,Anonim,United Kingdom,0,0,0.38473922
C577330,Anonim,United Kingdom,1,1,0.832367
C577342,Anonim,United Kingdom,1,1,0.5832946
C577343,Anonim,United Kingdom,1,1,0.76907605
C577346,Anonim,United Kingdom,1,1,0.6730452
C577348,Anonim,United Kingdom,1,1,0.8623134
577358,Anonim,United Kingdom,0,0,0.00029904928
577401,Anonim,United Kingdom,0,0,0.29644474
577489,Anonim,United Kingdom,0,0,0.004673342
577531,Anonim,United Kingdom,0,0,0.0004726235
577768,Anonim,United Kingdom,0,0,0.0004350821
577777,Anonim,United Kingdom,0,0,0.12741123
C577779,Anonim,United Kingdom,1,0,0.20433785
577780,Anonim,United Kingdom,0,0,0.42161936
577803,Anonim,United Kingdom,0,0,0.030333389
577844,Anonim,United Kingdom,0,0,0.0014895904
578037,Anonim,United Kingdom,0,0,0.027567957
578065,Anonim,United Kingdom,0,0,0.00032696838
578066,Anonim,United Kingdom,0,0,0.051633473
578067,Anonim,United Kingdom,0,0,0.00021587922
C578097,Anonim,United Kingdom,1,0,0.2674584
578149,Anonim,United Kingdom,0,0,0.0005248449
578332,Anonim,United Kingdom,0,0,0.23209146
578344,Anonim,United Kingdom,0,0,0.0002772181
578347,Anonim,United Kingdom,0,0,0.00017331197
578539,Anonim,Unspecified,0,0,0.0029561932
578746,Anonim,United Kingdom,0,0,0.0016437178
578788,Anonim,United Kingdom,0,0,0.3590538
578823,Anonim,United Kingdom,0,0,0.2521182
578827,Anonim,United Kingdom,0,0,0.00022124291
578828,Anonim,United Kingdom,0,0,0.30347115
578833,Anonim,United Kingdom,0,0,0.00056662207
578842,Anonim,United Kingdom,0,0,0.005926629
578844,Anonim,United Kingdom,0,0,0.00024880446
578845,Anonim,United Kingdom,0,0,0.13334438
578847,Anonim,United Kingdom,0,0,0.29644474
578940,Anonim,United Kingdom,0,0,0.0012069248
579187,Anonim,United Kingdom,0,0,0.0005269093
579289,Anonim,United Kingdom,0,0,0.31307974
579291,Anonim,United Kingdom,0,0,0.0010503193
579297,Anonim,United Kingdom,0,0,0.0005451992
579352,Anonim,United Kingdom,0,0,0.048605435
579361,Anonim,United Kingdom,0,1,0.5066921
579463,Anonim,United Kingdom,0,0,0.2073837
579471,Anonim,United Kingdom,0,0,0.00015954077
579508,Anonim,United Kingdom,0,0,0.0003874331
579512,Anonim,United Kingdom,0,0,0.00037975635
579537,Anonim,United Kingdom,0,0,0.27392626
579546,Anonim,United Kingdom,0,0,0.010830616
579557,Anonim,United Kingdom,0,0,0.00053753174
579694,Anonim,United Kingdom,0,0,0.00038275213
579740,Anonim,United Kingdom,0,0,0.026024306
579744,Anonim,United Kingdom,0,0,0.0006303633
579751,Anonim,United Kingdom,0,0,0.00059346715
C579757,Anonim,United Kingdom,1,0,0.19624245
579777,Anonim,United Kingdom,0,0,0.00032534866
579787,Anonim,United Kingdom,0,0,0.00019440103
C579907,Anonim,EIRE,1,1,0.92165583
579909,Anonim,United Kingdom,0,0,0.011115779
580115,Anonim,United Kingdom,0,0,0.00044825877
580124,Anonim,EIRE,0,0,0.0075108157
580146,Anonim,United Kingdom,0,0,0.0016562578
580148,Anonim,United Kingdom,0,0,0.0003582624
580150,Anonim,United Kingdom,0,0,0.22296944
580366,Anonim,United Kingdom,0,0,0.00040748474
580367,Anonim,United Kingdom,0,0,0.00034419398
580369,Anonim,United Kingdom,0,0,0.006116082
580508,Anonim,United Kingdom,0,0,0.022758579
580519,Anonim,United Kingdom,0,0,0.0012290997
580521,Anonim,United Kingdom,0,0,0.29719818
580537,Anonim,United Kingdom,0,0,0.026550833
C580604,Anonim,United Kingdom,1,1,0.775733
C580605,Anonim,United Kingdom,1,1,0.775733
580610,Anonim,United Kingdom,0,0,0.0005411405
580612,Anonim,United Kingdom,0,0,0.0007061384
580674,Anonim,United Kingdom,0,0,0.042387895
580683,Anonim,United Kingdom,0,0,0.24662262
580699,Anonim,United Kingdom,0,0,0.19103315
580709,Anonim,United Kingdom,0,0,0.16671216
580715,Anonim,United Kingdom,0,0,0.2645462
580724,Anonim,United Kingdom,0,0,0.020937031
580729,Anonim,United Kingdom,0,0,0.0006074327
580730,Anonim,United Kingdom,0,0,0.0005639177
580732,Anonim,United Kingdom,0,0,0.2058709
580739,Anonim,United Kingdom,0,0,0.29766783
580748,Anonim,United Kingdom,0,0,0.17093047
580754,Anonim,United Kingdom,0,0,0.0011228075
580976,Anonim,United Kingdom,0,0,0.2554896
580983,Anonim,United Kingdom,0,0,0.00042928028
581023,Anonim,United Kingdom,0,0,0.0005466541
581197,Anonim,United Kingdom,0,0,0.051531766
581217,Anonim,United Kingdom,0,0,0.00021884216
581219,Anonim,United Kingdom,0,0,0.0002018854
581238,Anonim,United Kingdom,0,0,0.0005746454
581256,Anonim,United Kingdom,0,0,0.0014314525
581431,Anonim,United Kingdom,0,0,0.053812813
581435,Anonim,United Kingdom,0,0,0.08285139
581439,Anonim,United Kingdom,0,0,0.00032375424
581492,Anonim,United Kingdom,0,0,0.00025107735
581497,Anonim,United Kingdom,0,0,0.0012296658
581498,Anonim,United Kingdom,0,0,0.0006756084
